player,team,Goals,xG,Shots_On_Target,Total_Passes,Completed_Passes,Key_Passes,Defensive_Actions,Saves
Aaron Mooy,Australia,0.0,0.039191317,0.0,219.0,171.0,1.0,52.0,0.0
Aaron Ramsey,Wales,0.0,0.025361432,0.0,110.0,86.0,1.0,23.0,0.0
Abdelhamid Sabiri,Morocco,1.0,0.9068839989999999,1.0,58.0,46.0,3.0,19.0,0.0
Abdelkarim Hassan Al Haj Fadlalla,Qatar,0.0,0.27491462450000004,0.0,158.0,125.0,1.0,31.0,0.0
Abderrazak Hamdallah,Morocco,0.0,0.542996504,1.0,16.0,8.0,0.0,8.0,0.0
Abdessamad Ezzalzouli,Morocco,0.0,0.05950738,0.0,16.0,11.0,2.0,14.0,0.0
Abdou Diallo,Senegal,0.0,0.035411544,0.0,183.0,142.0,1.0,24.0,0.0
Abdul Rahman Baba,Ghana,0.0,0.0,0.0,103.0,70.0,2.0,17.0,0.0
Abdulaziz Hatem Mohammed Abdullah,Qatar,0.0,0.024495702,1.0,91.0,72.0,1.0,6.0,0.0
Abdulelah Al Amri,Saudi Arabia,0.0,0.037819926,0.0,101.0,76.0,0.0,42.0,0.0
Abdulelah Saad Hameed Al-Malki,Saudi Arabia,0.0,0.13939861,0.0,86.0,71.0,0.0,24.0,0.0
Abdullah Mohammed Madu,Saudi Arabia,0.0,0.0,0.0,11.0,4.0,0.0,9.0,0.0
Abdulrahman Al-Obood,Saudi Arabia,0.0,0.041744728,0.0,13.0,8.0,1.0,4.0,0.0
Abolfazl Jalali,Iran,0.0,0.0,0.0,29.0,21.0,0.0,7.0,0.0
Achraf Dari,Morocco,1.0,0.4178385,1.0,107.0,96.0,0.0,33.0,0.0
Achraf Hakimi Mouh,Morocco,1.0,0.919596872,2.0,380.0,314.0,7.0,80.0,0.0
Adrien Rabiot,France,1.0,0.728120058,4.0,285.0,246.0,2.0,58.0,0.0
Agustín Canobbio Graviz,Uruguay,0.0,0.0,0.0,7.0,5.0,0.0,2.0,0.0
Ahmad Nourollahi,Iran,0.0,0.0804267816,1.0,55.0,39.0,0.0,31.0,0.0
Ahmed Alaa Eldin Abdelmotaal,Qatar,0.0,0.0,0.0,2.0,0.0,0.0,0.0,0.0
Ajdin Hrustic,Australia,0.0,0.033247408,0.0,23.0,18.0,0.0,6.0,0.0
Akram Hassan Afif,Qatar,0.0,0.029100373,0.0,166.0,141.0,5.0,19.0,0.0
Alan Steven Franco Palma,Ecuador,0.0,0.0,0.0,11.0,10.0,0.0,3.0,0.0
Alejandro Balde Martínez,Spain,0.0,0.077706024,0.0,119.0,111.0,0.0,10.0,0.0
Alejandro Darío Gómez,Argentina,0.0,0.023071868,0.0,58.0,52.0,0.0,8.0,0.0
Aleksandar Mitrović,Serbia,2.0,1.501642214,3.0,67.0,52.0,1.0,11.0,0.0
Alex Nicolao Telles,Brazil,0.0,0.0,0.0,44.0,35.0,0.0,3.0,0.0
Alex Sandro Lobo Silva,Brazil,0.0,0.021819543,0.0,169.0,150.0,1.0,31.0,0.0
Alexander Djiku,Ghana,0.0,0.0,0.0,27.0,23.0,0.0,18.0,0.0
Alexander Hartmann Bah,Denmark,0.0,0.056216941,0.0,50.0,37.0,0.0,12.0,0.0
Alexis Mac Allister,Argentina,1.0,0.5018383630000001,4.0,271.0,242.0,8.0,58.0,0.0
Ali Abdi,Tunisia,0.0,0.0,0.0,109.0,72.0,1.0,40.0,0.0
Ali Al Hassan,Saudi Arabia,0.0,0.10154356,0.0,8.0,4.0,0.0,8.0,0.0
Ali Albulayhi,Saudi Arabia,0.0,0.0,0.0,89.0,71.0,0.0,18.0,0.0
Ali Assadalla Thaimn Qambar,Qatar,0.0,0.0,0.0,23.0,22.0,0.0,1.0,0.0
Ali Gholizadeh,Iran,0.0,0.04282673,0.0,73.0,47.0,2.0,23.0,0.0
Ali Karimi,Iran,0.0,0.0,0.0,45.0,36.0,0.0,5.0,0.0
Ali Maâloul,Tunisia,0.0,0.0,0.0,61.0,39.0,0.0,10.0,0.0
Alidu Seidu,Ghana,0.0,0.015372672,0.0,75.0,60.0,0.0,22.0,0.0
Alireza Jahanbakhsh,Iran,0.0,0.154904189,0.0,16.0,11.0,0.0,8.0,0.0
Alireza Safar Beiranvand,Iran,0.0,0.0,0.0,31.0,21.0,0.0,1.0,4.0
Alisson Ramsés Becker,Brazil,0.0,0.0,0.0,94.0,80.0,0.0,23.0,5.0
Alistair Johnston,Canada,0.0,0.672354974,1.0,187.0,156.0,4.0,32.0,0.0
Almoez Ali Zainalabiddin Abdulla,Qatar,0.0,0.483816448,1.0,46.0,36.0,0.0,10.0,0.0
Alphonso Davies,Canada,1.0,0.928688898,2.0,114.0,82.0,4.0,34.0,0.0
Amadou Onana,Belgium,0.0,0.29186468,0.0,63.0,57.0,0.0,2.0,0.0
Anass Zaroury,Morocco,0.0,0.0,0.0,12.0,10.0,1.0,3.0,0.0
Andreas Christensen,Denmark,1.0,0.5251976599999999,1.0,250.0,236.0,0.0,35.0,0.0
Andreas Evald Cornelius,Denmark,0.0,0.801507865,2.0,32.0,21.0,3.0,5.0,0.0
Andreas Skov Olsen,Denmark,0.0,0.311829907,1.0,62.0,44.0,1.0,7.0,0.0
Andrej Kramarić,Croatia,2.0,1.087257213,4.0,173.0,151.0,5.0,21.0,0.0
Andries Noppert,Netherlands,0.0,0.0,0.0,191.0,157.0,0.0,26.0,18.0
Andrija Živković,Serbia,0.0,0.030001678,0.0,99.0,73.0,4.0,24.0,0.0
André Ayew Pelé,Ghana,1.0,1.2687446599999999,2.0,37.0,31.0,0.0,11.0,0.0
André Miguel Valente Silva,Portugal,0.0,0.0,0.0,11.0,10.0,2.0,1.0,0.0
André Onana,Cameroon,0.0,0.0,0.0,60.0,44.0,0.0,3.0,2.0
André-Frank Zambo Anguissa,Cameroon,0.0,0.046351306,1.0,134.0,115.0,0.0,24.0,0.0
Angelo Smit Preciado Quiñónez,Ecuador,0.0,0.0708458504,1.0,129.0,97.0,3.0,33.0,0.0
Anis Ben Slimane,Tunisia,0.0,0.1007914,1.0,49.0,35.0,2.0,15.0,0.0
Anssumane Fati,Spain,0.0,0.0,0.0,28.0,24.0,0.0,3.0,0.0
Ante Budimir,Croatia,0.0,0.10111922,0.0,6.0,4.0,0.0,4.0,0.0
Anthony Daniel Contreras Enríquez,Costa Rica,0.0,0.0,0.0,25.0,17.0,1.0,8.0,0.0
Antoine Griezmann,France,0.0,0.49632007100000003,2.0,323.0,255.0,20.0,54.0,0.0
Antoine Semenyo,Ghana,0.0,0.12024433,0.0,3.0,1.0,0.0,3.0,0.0
Antonee Robinson,United States,0.0,0.0,0.0,240.0,175.0,3.0,53.0,0.0
Antonio Rüdiger,Germany,0.0,0.6597156827,1.0,247.0,227.0,0.0,30.0,0.0
Antony Matheus dos Santos,Brazil,0.0,0.1545435,3.0,113.0,91.0,3.0,18.0,0.0
António João Pereira Albuquerque Tavares Silva,Portugal,0.0,0.0,0.0,58.0,57.0,0.0,9.0,0.0
Ao Tanaka,Japan,1.0,0.87261814,1.0,68.0,50.0,1.0,14.0,0.0
Ardon Jashari,Switzerland,0.0,0.0,0.0,6.0,5.0,0.0,1.0,0.0
Arkadiusz Milik,Poland,0.0,0.13519733,0.0,33.0,24.0,0.0,6.0,0.0
Artur Jędrzejczyk,Poland,0.0,0.0,0.0,5.0,4.0,0.0,0.0,0.0
Assim Omer Al Haj Madibo,Qatar,0.0,0.0,0.0,71.0,62.0,1.0,18.0,0.0
Atiba Hutchinson,Canada,0.0,0.133220574,0.0,112.0,103.0,0.0,20.0,0.0
Aurélien Djani Tchouaméni,France,1.0,1.182897098,2.0,470.0,431.0,6.0,67.0,0.0
Awer Denis Bul Mabil,Australia,0.0,0.0,0.0,14.0,10.0,0.0,2.0,0.0
Axel Disasi,France,0.0,0.061025612,0.0,75.0,58.0,0.0,11.0,0.0
Axel Witsel,Belgium,0.0,0.025340356,0.0,176.0,169.0,1.0,26.0,0.0
Ayase Ueda,Japan,0.0,0.0,0.0,11.0,7.0,1.0,6.0,0.0
Aymen Dahmen,Tunisia,0.0,0.0,0.0,77.0,48.0,0.0,7.0,9.0
Aymeric Laporte,Spain,0.0,0.04145577,0.0,429.0,404.0,1.0,19.0,0.0
Aziz Eraltay Behich,Australia,0.0,0.126898918,0.0,204.0,154.0,0.0,41.0,0.0
Azzedine Ounahi,Morocco,0.0,0.244700479,1.0,267.0,221.0,6.0,55.0,0.0
Aïssa Bilal Laïdouni,Tunisia,0.0,0.08097828400000001,0.0,119.0,97.0,4.0,44.0,0.0
Badr Banoun,Morocco,0.0,0.7835,1.0,21.0,21.0,0.0,9.0,0.0
Bailey Wright,Australia,0.0,0.0,0.0,4.0,1.0,0.0,1.0,0.0
Bartosz Bereszyński,Poland,0.0,0.0,0.0,150.0,121.0,0.0,45.0,0.0
Bassam Hisham Al Rawi,Qatar,0.0,0.0,0.0,57.0,48.0,1.0,12.0,0.0
Ben Davies,Wales,0.0,0.384204745,2.0,160.0,121.0,0.0,38.0,0.0
Benjamin Pavard,France,0.0,0.0,0.0,88.0,81.0,0.0,8.0,0.0
Bernardo Mota Veiga de Carvalho e Silva,Portugal,0.0,0.10927713,0.0,292.0,259.0,5.0,32.0,0.0
Bilal El Khannous,Morocco,0.0,0.0,0.0,24.0,20.0,0.0,5.0,0.0
Borna Barišić,Croatia,0.0,0.015196718,0.0,67.0,50.0,0.0,16.0,0.0
Borna Sosa,Croatia,0.0,0.048374664,0.0,276.0,222.0,2.0,42.0,0.0
Boualem Khoukhi,Qatar,0.0,0.0,0.0,194.0,167.0,0.0,49.0,0.0
Boulaye Dia,Senegal,1.0,0.662240351,3.0,53.0,39.0,1.0,16.0,0.0
Brandon Aguilera Zamora,Costa Rica,0.0,0.0,0.0,35.0,25.0,0.0,12.0,0.0
Breel-Donald Embolo,Switzerland,2.0,2.391196598,3.0,66.0,50.0,2.0,11.0,0.0
Brenden Aaronson,United States,0.0,0.09428854,0.0,48.0,41.0,3.0,14.0,0.0
Brennan Johnson,Wales,0.0,0.124267868,1.0,18.0,12.0,0.0,10.0,0.0
Bruno Guimarães Rodriguez Moura,Brazil,0.0,0.64781192,2.0,55.0,46.0,0.0,10.0,0.0
Bruno Miguel Borges Fernandes,Portugal,2.0,1.0313368613,3.0,231.0,186.0,9.0,29.0,0.0
Bruno Petković,Croatia,1.0,0.09977819,1.0,80.0,44.0,4.0,12.0,0.0
Bryan Mbeumo,Cameroon,0.0,0.134345962,2.0,81.0,52.0,5.0,13.0,0.0
Bryan Oviedo,Costa Rica,0.0,0.0,0.0,89.0,68.0,0.0,25.0,0.0
Bryan Ruiz González,Costa Rica,0.0,0.0,0.0,13.0,8.0,0.0,3.0,0.0
Bukayo Saka,England,3.0,0.579455465,5.0,111.0,84.0,5.0,18.0,0.0
Callum Wilson,England,0.0,0.0,0.0,12.0,9.0,3.0,3.0,0.0
Cameron Carter-Vickers,United States,0.0,0.0,0.0,55.0,50.0,0.0,11.0,0.0
Carlos Alberto Rodríguez Gómez,Mexico,0.0,0.0,0.0,29.0,20.0,0.0,6.0,0.0
Carlos Armando Gruezo Arboleda,Ecuador,0.0,0.0,0.0,14.0,13.0,0.0,0.0,0.0
Carlos Henrique Casimiro,Brazil,2.0,1.1432915347,4.0,258.0,217.0,4.0,46.0,0.0
Carlos Manuel Martínez Castro,Costa Rica,0.0,0.0,0.0,14.0,10.0,0.0,5.0,0.0
Carlos Soler Barragán,Spain,1.0,1.271484056,2.0,84.0,78.0,2.0,5.0,0.0
Carlos Uriel Antuna Romero,Mexico,0.0,0.30874212,1.0,18.0,9.0,1.0,3.0,0.0
Celso Borges Mora,Costa Rica,0.0,0.0,0.0,113.0,94.0,1.0,34.0,0.0
Chang-Hoon Kwon,South Korea,0.0,0.0,0.0,23.0,19.0,1.0,3.0,0.0
Charles De Ketelaere,Belgium,0.0,0.0,0.0,4.0,3.0,0.0,0.0,0.0
Cheikh Ahmadou Bamba Mbacke Dieng,Senegal,1.0,0.3838931,1.0,19.0,11.0,1.0,8.0,0.0
Cheikhou Kouyaté,Senegal,0.0,0.0,0.0,26.0,21.0,1.0,8.0,0.0
Chris Mepham,Wales,0.0,0.0,0.0,170.0,143.0,2.0,28.0,0.0
Christian Dannemann Eriksen,Denmark,0.0,0.154105106,1.0,231.0,193.0,9.0,27.0,0.0
Christian Fassnacht,Switzerland,0.0,0.31681746,1.0,10.0,8.0,0.0,3.0,0.0
Christian Mougang Bassogog,Cameroon,0.0,0.0,0.0,9.0,5.0,0.0,1.0,0.0
Christian Nørgaard,Denmark,0.0,0.0,0.0,15.0,14.0,0.0,0.0,0.0
Christian Pulisic,United States,1.0,1.138087093,5.0,139.0,84.0,9.0,27.0,0.0
Christopher Wooh,Cameroon,0.0,0.05692788,0.0,33.0,27.0,0.0,10.0,0.0
Chul Hong,South Korea,0.0,0.0,0.0,20.0,17.0,1.0,8.0,0.0
Cody Mathès Gakpo,Netherlands,3.0,0.5623670310000001,3.0,154.0,98.0,10.0,47.0,0.0
Connor Roberts,Wales,0.0,0.0,0.0,119.0,92.0,1.0,21.0,0.0
Craig Goodwin,Australia,1.0,0.205087522,1.0,94.0,57.0,5.0,20.0,0.0
Cristian Gabriel Romero,Argentina,0.0,0.0,0.0,372.0,330.0,0.0,63.0,0.0
Cristiano Ronaldo dos Santos Aveiro,Portugal,1.0,1.939259267,3.0,90.0,67.0,4.0,11.0,0.0
Cyle Larin,Canada,0.0,0.249796684,1.0,31.0,21.0,2.0,7.0,0.0
César Azpilicueta Tanco,Spain,0.0,0.0,0.0,179.0,169.0,4.0,9.0,0.0
César Jasib Montes Castro,Mexico,0.0,0.0988946,0.0,192.0,163.0,2.0,24.0,0.0
Daichi Kamada,Japan,0.0,0.42129175,1.0,104.0,83.0,1.0,16.0,0.0
Daizen Maeda,Japan,1.0,0.53585137,1.0,18.0,8.0,0.0,11.0,0.0
Daley Blind,Netherlands,1.0,0.521673045,2.0,304.0,260.0,2.0,34.0,0.0
Damian Szymański,Poland,0.0,0.0,0.0,9.0,9.0,0.0,1.0,0.0
Damián Emiliano Martínez,Argentina,0.0,0.0,0.0,186.0,123.0,0.0,31.0,10.0
Daniel Alonso Chacón Salas,Costa Rica,0.0,0.0,0.0,1.0,1.0,0.0,1.0,0.0
Daniel Alves da Silva,Brazil,0.0,0.120014081,0.0,99.0,88.0,0.0,10.0,0.0
Daniel Amartey,Ghana,0.0,0.0,0.0,140.0,129.0,3.0,33.0,0.0
Daniel Carvajal Ramos,Spain,0.0,0.0,0.0,135.0,122.0,0.0,11.0,0.0
Daniel James,Wales,0.0,0.0,0.0,34.0,23.0,1.0,7.0,0.0
Daniel Olmo Carvajal,Spain,1.0,1.0841161047,6.0,196.0,160.0,4.0,32.0,0.0
Daniel Ward,Wales,0.0,0.0,0.0,39.0,24.0,0.0,3.0,4.0
Daniel-Kofi Kyereh,Ghana,0.0,0.0,0.0,24.0,18.0,0.0,6.0,0.0
Danilo Luiz da Silva,Brazil,0.0,0.0323683795,0.0,267.0,232.0,0.0,22.0,0.0
Danilo Luís Hélio Pereira,Portugal,0.0,0.0,0.0,80.0,72.0,0.0,11.0,0.0
Darko Lazović,Serbia,0.0,0.018288644,0.0,11.0,7.0,0.0,1.0,0.0
Darwin Gabriel Núñez Ribeiro,Uruguay,0.0,0.21691335099999998,1.0,54.0,36.0,1.0,15.0,0.0
David Junior Hoilett,Canada,0.0,0.11914880800000001,0.0,55.0,40.0,4.0,14.0,0.0
David Raum,Germany,0.0,0.0,0.0,193.0,151.0,8.0,33.0,0.0
David Wallace Wotherspoon,Canada,0.0,0.0,0.0,6.0,3.0,0.0,1.0,0.0
Davy Klaassen,Netherlands,1.0,0.43179539,1.0,81.0,60.0,3.0,10.0,0.0
Dayotchanculle Upamecano,France,0.0,0.0,0.0,345.0,305.0,1.0,58.0,0.0
DeAndre Yedlin,United States,0.0,0.0,0.0,30.0,20.0,0.0,2.0,0.0
Declan Rice,England,0.0,0.0,0.0,327.0,306.0,1.0,41.0,0.0
Dejan Lovren,Croatia,0.0,0.381529793,0.0,454.0,407.0,1.0,62.0,0.0
Denis Lemi Zakaria Lako Lado,Switzerland,0.0,0.04188712,0.0,22.0,19.0,0.0,10.0,0.0
Denis Odoi,Ghana,0.0,0.0,0.0,2.0,2.0,0.0,4.0,0.0
Denzel Dumfries,Netherlands,1.0,0.283319202,1.0,218.0,148.0,2.0,35.0,0.0
Devis Rogers Epassy Mboka,Cameroon,0.0,0.0,0.0,84.0,56.0,0.0,13.0,10.0
Diego Nicolás De La Cruz Arcosa,Uruguay,0.0,0.0429242,1.0,24.0,20.0,0.0,3.0,0.0
Diego Roberto Godín Leal,Uruguay,0.0,0.054689027,0.0,98.0,85.0,0.0,18.0,0.0
Diogo Meireles Costa,Portugal,0.0,0.0,0.0,159.0,111.0,1.0,16.0,12.0
Djibril Sow,Switzerland,0.0,0.150380136,0.0,97.0,88.0,3.0,16.0,0.0
Djorkaeff Neicer Reasco González,Ecuador,0.0,0.0,0.0,3.0,3.0,0.0,0.0,0.0
Dominik Livaković,Croatia,0.0,0.0,0.0,228.0,189.0,0.0,33.0,30.0
Dries Mertens,Belgium,0.0,0.367153732,1.0,36.0,24.0,3.0,0.0,0.0
Dušan Tadić,Serbia,0.0,0.061684445,0.0,125.0,88.0,9.0,17.0,0.0
Dušan Vlahović,Serbia,1.0,0.7624475099999999,3.0,13.0,7.0,0.0,5.0,0.0
Dylan Daniel Mahmoud Bronn,Tunisia,0.0,0.059058707,0.0,95.0,71.0,0.0,14.0,0.0
Eden Hazard,Belgium,0.0,0.009158539,1.0,59.0,46.0,1.0,14.0,0.0
Ederson Santana de Moraes,Brazil,0.0,0.0,0.0,30.0,28.0,0.0,10.0,2.0
Edimilson Fernandes,Switzerland,0.0,0.029247057,0.0,81.0,66.0,3.0,18.0,0.0
Edinson Roberto Cavani Gómez,Uruguay,0.0,0.17895877999999998,0.0,39.0,29.0,4.0,5.0,0.0
Edouard Mendy,Senegal,0.0,0.0,0.0,117.0,90.0,0.0,17.0,7.0
Edson Omar Álvarez Velázquez,Mexico,0.0,0.013687578,1.0,109.0,85.0,1.0,24.0,0.0
Eduardo Camavinga,France,0.0,0.0,0.0,103.0,91.0,2.0,28.0,0.0
Ehsan Hajsafi,Iran,0.0,0.068153165,0.0,99.0,64.0,2.0,16.0,0.0
Ellyes Joris Skhiri,Tunisia,0.0,0.10099208700000001,0.0,128.0,109.0,2.0,39.0,0.0
Enner Remberto Valencia Lastra,Ecuador,3.0,1.924592276,4.0,51.0,39.0,3.0,23.0,0.0
Enzo Ebosse,Cameroon,0.0,0.0,0.0,39.0,34.0,0.0,7.0,0.0
Enzo Fernandez,Argentina,1.0,1.050628615,3.0,470.0,416.0,6.0,56.0,0.0
Eray Ervin Cömert,Switzerland,0.0,0.0,0.0,41.0,37.0,0.0,8.0,0.0
Eric Dier,England,0.0,0.0,0.0,42.0,40.0,0.0,4.0,0.0
Ernesto Alexis Vega Rojas,Mexico,0.0,0.6920090567,2.0,54.0,38.0,1.0,21.0,0.0
Ethan Ampadu,Wales,0.0,0.013776194,0.0,144.0,110.0,2.0,37.0,0.0
Exequiel Alejandro Palacios,Argentina,0.0,0.046685893,0.0,28.0,24.0,1.0,8.0,0.0
Fabian Frei,Switzerland,0.0,0.0,0.0,13.0,9.0,0.0,3.0,0.0
Fabian Lukas Schär,Switzerland,0.0,0.103672833,0.0,80.0,64.0,0.0,20.0,0.0
Fabian Rieder,Switzerland,0.0,0.0,0.0,27.0,14.0,1.0,6.0,0.0
Facundo Pellistri Rebollo,Uruguay,0.0,0.099497445,0.0,45.0,35.0,3.0,12.0,0.0
Famara Diedhiou,Senegal,1.0,0.238120196,1.0,14.0,10.0,1.0,6.0,0.0
Federico Santiago Valverde Dipetta,Uruguay,0.0,0.11665369960000001,1.0,186.0,152.0,4.0,31.0,0.0
Felix Eduardo Torres Caicedo,Ecuador,0.0,0.15397952,0.0,199.0,159.0,0.0,30.0,0.0
Ferjani Sassi,Tunisia,0.0,0.020219443,0.0,34.0,25.0,0.0,6.0,0.0
Ferrán Torres García,Spain,2.0,1.005212115,2.0,86.0,62.0,1.0,9.0,0.0
Filip Kostić,Serbia,0.0,0.012009094,0.0,112.0,73.0,1.0,19.0,0.0
Filip Mladenović,Serbia,0.0,0.026318645,0.0,24.0,19.0,0.0,6.0,0.0
Filip Đuričić,Serbia,0.0,0.0,0.0,6.0,5.0,1.0,0.0,0.0
Firas Tariq Nasser Al Albirakan,Saudi Arabia,0.0,0.124001969,0.0,69.0,46.0,1.0,18.0,0.0
Fodé Ballo Touré,Senegal,0.0,0.0,0.0,8.0,6.0,0.0,3.0,0.0
Fran Karačić,Australia,0.0,0.05547327569999999,0.0,55.0,35.0,1.0,19.0,0.0
Francisco Guillermo Ochoa Magaña,Mexico,0.0,0.0,0.0,108.0,90.0,0.0,17.0,3.0
Francisco Javier Calvo Quesada,Costa Rica,0.0,0.014244432,0.0,101.0,85.0,0.0,20.0,0.0
Frederico Rodrigues Santos,Brazil,0.0,0.46720207,1.0,80.0,68.0,4.0,14.0,0.0
Frenkie de Jong,Netherlands,1.0,0.720993446,1.0,364.0,327.0,4.0,45.0,0.0
Fábio Henrique Tavares,Brazil,0.0,0.0,0.0,56.0,50.0,0.0,7.0,0.0
Gabriel Fernando de Jesus,Brazil,0.0,0.323986363,1.0,27.0,23.0,4.0,9.0,0.0
Gabriel Teodoro Martinelli Silva,Brazil,0.0,0.405829787,3.0,46.0,34.0,3.0,10.0,0.0
Garang Kuol,Australia,0.0,0.23394231,1.0,4.0,3.0,0.0,1.0,0.0
Gareth Frank Bale,Wales,1.0,0.8052008399999999,2.0,55.0,34.0,2.0,10.0,0.0
Gaël Ondoua,Cameroon,0.0,0.0,0.0,19.0,17.0,0.0,11.0,0.0
Georges-Kévin Nkoudou Mbida,Cameroon,0.0,0.0070103277,1.0,11.0,9.0,0.0,5.0,0.0
Germán Alejandro Pezzella,Argentina,0.0,0.04452438,0.0,49.0,47.0,0.0,4.0,0.0
Gerson Torres Barrantes,Costa Rica,0.0,0.01353695,0.0,17.0,17.0,0.0,4.0,0.0
Ghilane Chalali,Tunisia,0.0,0.0,0.0,5.0,4.0,0.0,6.0,0.0
Gideon Mensah,Ghana,0.0,0.0,0.0,45.0,35.0,1.0,17.0,0.0
Giorgian Daniel De Arrascaeta Benedetti,Uruguay,2.0,1.13451217,3.0,51.0,34.0,3.0,9.0,0.0
Giovanni Reyna,United States,0.0,0.08602206000000001,0.0,35.0,26.0,3.0,4.0,0.0
Gleison Bremer Silva Nascimento,Brazil,0.0,0.34439024,1.0,85.0,79.0,0.0,15.0,0.0
Gonzalo Ariel Montiel,Argentina,2.0,1.587604363,2.0,82.0,71.0,3.0,11.0,0.0
Gonzalo Jordy Plata Jiménez,Ecuador,0.0,0.105323937,1.0,104.0,78.0,2.0,16.0,0.0
Gonçalo Matias Ramos,Portugal,3.0,1.671089706,5.0,30.0,24.0,2.0,9.0,0.0
Granit Xhaka,Switzerland,0.0,0.295522079,3.0,240.0,211.0,2.0,25.0,0.0
Gregor Kobel,Switzerland,0.0,0.0,0.0,29.0,19.0,0.0,5.0,2.0
Grzegorz Krychowiak,Poland,0.0,0.02170277,0.0,127.0,97.0,2.0,44.0,0.0
Gue-Sung Cho,South Korea,2.0,0.71258904,5.0,60.0,39.0,1.0,16.0,0.0
Guido Rodríguez,Argentina,0.0,0.0,0.0,62.0,54.0,0.0,4.0,0.0
Guillermo Varela Olivera,Uruguay,0.0,0.0,0.0,91.0,62.0,1.0,13.0,0.0
Haitham Mohammed Asiri,Saudi Arabia,0.0,0.0,0.0,2.0,1.0,0.0,1.0,0.0
Haji Wright,United States,1.0,0.658172932,2.0,27.0,20.0,1.0,7.0,0.0
Hakim Ziyech,Morocco,2.0,1.095816526,3.0,300.0,210.0,7.0,56.0,0.0
Hannibal Mejbri,Tunisia,0.0,0.0,0.0,2.0,2.0,0.0,1.0,0.0
Haris Seferović,Switzerland,0.0,0.27028984,0.0,14.0,10.0,1.0,2.0,0.0
Harry Kane,England,2.0,2.330979943,6.0,97.0,64.0,5.0,22.0,0.0
Harry Maguire,England,0.0,0.489955663,1.0,408.0,353.0,1.0,46.0,0.0
Harry Souttar,Australia,0.0,0.06809473,0.0,163.0,135.0,1.0,47.0,0.0
Harry Wilson,Wales,0.0,0.061493684,0.0,62.0,48.0,3.0,13.0,0.0
Hassan Khalid Al Heidos,Qatar,0.0,0.015712837,1.0,77.0,63.0,2.0,17.0,0.0
Hassan Mohammed Al-Tambakti,Saudi Arabia,0.0,0.0,0.0,49.0,37.0,0.0,21.0,0.0
Hattan Babhir,Saudi Arabia,0.0,0.0,0.0,5.0,3.0,1.0,1.0,0.0
Hee-Chan Hwang,South Korea,1.0,0.5679465854,5.0,57.0,46.0,1.0,14.0,0.0
Henry Josué Martín Mex,Mexico,1.0,0.6686734,2.0,22.0,15.0,4.0,5.0,0.0
Hernán Ismael Galíndez,Ecuador,0.0,0.0,0.0,77.0,44.0,0.0,13.0,1.0
Heung-Min Son,South Korea,0.0,0.453828075,3.0,122.0,84.0,6.0,19.0,0.0
Hidemasa Morita,Japan,0.0,0.190594476,1.0,161.0,128.0,3.0,42.0,0.0
Hiroki Ito,Japan,0.0,0.0,0.0,63.0,58.0,1.0,1.0,0.0
Hiroki Sakai,Japan,0.0,0.28772855,0.0,46.0,31.0,1.0,15.0,0.0
Hirving Rodrigo Lozano Bahena,Mexico,0.0,0.24040568040000002,3.0,74.0,41.0,8.0,23.0,0.0
Homam Alamin Ahmed,Qatar,0.0,0.0,0.0,103.0,77.0,2.0,13.0,0.0
Hugo Lloris,France,0.0,0.0,0.0,182.0,111.0,0.0,16.0,16.0
Héctor Alfredo Moreno Herrera,Mexico,0.0,0.1766503,0.0,191.0,166.0,1.0,26.0,0.0
Héctor Miguel Herrera López,Mexico,0.0,0.0,0.0,75.0,63.0,1.0,17.0,0.0
Ibrahima Konaté,France,0.0,0.17601235,1.0,228.0,209.0,2.0,45.0,0.0
Idrissa Gana Gueye,Senegal,0.0,0.332398158,1.0,131.0,106.0,1.0,31.0,0.0
Ikoma Loïs Openda,Belgium,0.0,0.0,0.0,5.0,3.0,0.0,5.0,0.0
Ilias Chair,Morocco,0.0,0.0,0.0,15.0,13.0,0.0,1.0,0.0
Iliman Ndiaye,Senegal,0.0,0.07411676,0.0,35.0,28.0,1.0,11.0,0.0
In-Beom Hwang,South Korea,0.0,0.197748277,1.0,247.0,199.0,3.0,42.0,0.0
Ismaeel Mohammad Mohammad,Qatar,0.0,0.35790671,2.0,67.0,53.0,1.0,12.0,0.0
Ismael Koné,Canada,0.0,0.0,0.0,102.0,96.0,1.0,8.0,0.0
Ismail Jakobs,Senegal,0.0,0.014392905,0.0,157.0,105.0,5.0,29.0,0.0
Ismaïla Sarr,Senegal,1.0,1.848790219,1.0,81.0,57.0,6.0,25.0,0.0
Issam Jebali,Tunisia,0.0,0.5930872340000001,1.0,37.0,29.0,2.0,17.0,0.0
Ivan Ilić,Serbia,0.0,0.0,0.0,20.0,19.0,1.0,3.0,0.0
Ivan Perišić,Croatia,1.0,0.7556302263,4.0,304.0,214.0,9.0,56.0,0.0
Iñaki Williams Arthuer,Ghana,0.0,0.126027007,0.0,44.0,33.0,1.0,18.0,0.0
Jack Grealish,England,1.0,0.6262809,1.0,56.0,49.0,2.0,12.0,0.0
Jackson Gabriel Porozo Vernaza,Ecuador,0.0,0.052534856,0.0,42.0,37.0,0.0,17.0,0.0
Jackson Irvine,Australia,0.0,0.33239220599999997,0.0,129.0,107.0,1.0,36.0,0.0
Jae-Sung Lee,South Korea,0.0,0.021393217,0.0,96.0,84.0,2.0,17.0,0.0
Jakub Kamiński,Poland,0.0,0.26249409,1.0,59.0,35.0,2.0,24.0,0.0
Jakub Piotr Kiwior,Poland,0.0,0.12449861,0.0,201.0,169.0,0.0,31.0,0.0
Jamal Musiala,Germany,0.0,1.152516099,3.0,117.0,94.0,7.0,32.0,0.0
Jamie MacLaren,Australia,0.0,0.0,0.0,16.0,7.0,1.0,1.0,0.0
Jan Bednarek,Poland,0.0,0.0,0.0,6.0,6.0,0.0,2.0,0.0
Jan Vertonghen,Belgium,0.0,0.10772621,0.0,264.0,237.0,0.0,36.0,0.0
Jason Cummings,Australia,0.0,0.0,0.0,6.0,4.0,0.0,2.0,0.0
Jawad El Yamiq,Morocco,0.0,0.06408756,1.0,160.0,143.0,0.0,46.0,0.0
Jean-Charles Castelletto,Cameroon,1.0,0.8945071,1.0,78.0,63.0,1.0,34.0,0.0
Jean-Eric Maxim Choupo-Moting,Cameroon,1.0,0.5235422875,2.0,69.0,47.0,2.0,11.0,0.0
Jeremy Doku,Belgium,0.0,0.0,0.0,14.0,8.0,0.0,3.0,0.0
Jeremy Leonel Sarmiento Morante,Ecuador,0.0,0.02928531,1.0,33.0,24.0,2.0,5.0,0.0
Jerome Ngom Mbekeli,Cameroon,0.0,0.0,0.0,2.0,1.0,1.0,1.0,0.0
Jesper Lindstrøm,Denmark,0.0,0.334183148,1.0,54.0,38.0,0.0,17.0,0.0
Jesus Ferreira,United States,0.0,0.0,0.0,20.0,17.0,0.0,2.0,0.0
Jesús Daniel Gallardo Vasconcelos,Mexico,0.0,0.06430086,0.0,138.0,97.0,2.0,30.0,0.0
Jewison Bennette,Costa Rica,0.0,0.037811525,0.0,15.0,11.0,0.0,8.0,0.0
Jhegson Sebastián Méndez Carabalí,Ecuador,0.0,0.0,0.0,141.0,130.0,2.0,18.0,0.0
Jin-Su Kim,South Korea,0.0,0.285274066,0.0,141.0,102.0,5.0,33.0,0.0
Joachim Andersen,Denmark,0.0,0.1448613,1.0,245.0,199.0,0.0,36.0,0.0
Joakim Mæhle,Denmark,0.0,0.042316963,0.0,145.0,120.0,1.0,26.0,0.0
Joe Allen,Wales,0.0,0.063709024,0.0,36.0,30.0,1.0,17.0,0.0
Joe Rodon,Wales,0.0,0.0,0.0,162.0,147.0,0.0,26.0,0.0
Joel Nathaniel Campbell Samuels,Costa Rica,0.0,0.051288527,0.0,137.0,105.0,1.0,22.0,0.0
Johan Alberto Venegas Ulloa,Costa Rica,0.0,0.0,0.0,14.0,11.0,0.0,5.0,0.0
John Stones,England,0.0,0.587418711,1.0,450.0,430.0,1.0,28.0,0.0
Jonas Hofmann,Germany,0.0,0.32657883,1.0,20.0,16.0,1.0,3.0,0.0
Jonathan David,Canada,0.0,0.8128135049999999,1.0,59.0,43.0,0.0,11.0,0.0
Jonathan Osorio,Canada,0.0,0.03829635,0.0,60.0,54.0,0.0,8.0,0.0
Jordan Ayew,Ghana,0.0,0.07146578,1.0,44.0,34.0,3.0,9.0,0.0
Jordan Brian Henderson,England,1.0,0.148950994,1.0,166.0,141.0,4.0,12.0,0.0
Jordan Morris,United States,0.0,0.0,0.0,4.0,2.0,0.0,1.0,0.0
Jordan Pickford,England,0.0,0.0,0.0,161.0,126.0,0.0,16.0,6.0
Jordan Veretout,France,0.0,0.0,0.0,35.0,32.0,0.0,4.0,0.0
Jordi Alba Ramos,Spain,0.0,0.045861136,0.0,371.0,329.0,5.0,27.0,0.0
Jorge Eduardo Sánchez Ramos,Mexico,0.0,0.0069717234,1.0,86.0,72.0,0.0,22.0,0.0
Jorge Resurrección Merodio,Spain,0.0,0.0,0.0,63.0,56.0,0.0,3.0,0.0
Joseff Morrell,Wales,0.0,0.0,0.0,13.0,12.0,0.0,10.0,0.0
Joshua Kimmich,Germany,0.0,0.334518198,4.0,271.0,229.0,8.0,32.0,0.0
Joshua Sargent,United States,0.0,0.362028482,1.0,34.0,30.0,1.0,7.0,0.0
Josip Juranović,Croatia,0.0,0.041306578,0.0,406.0,326.0,7.0,70.0,0.0
Josip Stanišić,Croatia,0.0,0.040524755,0.0,49.0,36.0,0.0,6.0,0.0
Josip Šutalo,Croatia,0.0,0.0,0.0,66.0,62.0,0.0,11.0,0.0
José Adoni Cifuentes Charcopa,Ecuador,0.0,0.025271386,1.0,43.0,33.0,0.0,4.0,0.0
José Andrés Guardado Hernández,Mexico,0.0,0.0,0.0,16.0,11.0,0.0,3.0,0.0
José Diogo Dalot Teixeira,Portugal,0.0,0.036435805,1.0,142.0,115.0,4.0,25.0,0.0
José Martín Cáceres Silva,Uruguay,0.0,0.0,0.0,81.0,68.0,0.0,8.0,0.0
José María Giménez de Vargas,Uruguay,0.0,0.129368291,0.0,167.0,140.0,1.0,40.0,0.0
João Félix Sequeira,Portugal,1.0,0.669207472,3.0,122.0,94.0,3.0,16.0,0.0
João Maria Lobo Alves Palhinha Gonçalves,Portugal,0.0,0.021024177,0.0,30.0,26.0,2.0,7.0,0.0
João Mário Naval da Costa Eduardo,Portugal,0.0,0.0,0.0,40.0,37.0,0.0,9.0,0.0
João Pedro Cavaco Cancelo,Portugal,0.0,0.054823571,1.0,269.0,224.0,1.0,48.0,0.0
Joško Gvardiol,Croatia,1.0,0.186105118,1.0,510.0,463.0,1.0,105.0,0.0
Juan Marcos Foyth,Argentina,0.0,0.0,0.0,4.0,3.0,0.0,0.0,0.0
Juan Pablo Vargas Campos,Costa Rica,0.0,0.18427365,1.0,28.0,22.0,0.0,15.0,0.0
Jude Bellingham,England,1.0,0.841256374,3.0,275.0,242.0,4.0,49.0,0.0
Jules Koundé,France,0.0,0.16960582600000002,1.0,308.0,258.0,2.0,44.0,0.0
Jules Olivier Ntcham,Cameroon,0.0,0.03332142,1.0,12.0,11.0,1.0,3.0,0.0
Julián Álvarez,Argentina,4.0,1.908327433,8.0,124.0,93.0,2.0,32.0,0.0
Jun-Ho Son,South Korea,0.0,0.0,0.0,61.0,56.0,0.0,10.0,0.0
Junya Ito,Japan,0.0,0.11059656,1.0,98.0,63.0,4.0,35.0,0.0
Jurriën David Norman Timber,Netherlands,0.0,0.0,0.0,316.0,286.0,0.0,46.0,0.0
Kai Havertz,Germany,2.0,1.155300964,3.0,33.0,26.0,2.0,5.0,0.0
Kalidou Koulibaly,Senegal,1.0,0.23427999,1.0,196.0,152.0,1.0,70.0,0.0
Kalvin Phillips,England,0.0,0.0,0.0,19.0,18.0,1.0,2.0,0.0
Kamal Miller,Canada,0.0,0.0,0.0,199.0,184.0,0.0,33.0,0.0
Kamaldeen Sulemana,Ghana,0.0,0.081227794,1.0,20.0,11.0,0.0,4.0,0.0
Kamil Glik,Poland,0.0,0.150632187,0.0,130.0,122.0,0.0,44.0,0.0
Kamil Grosicki,Poland,0.0,0.0,0.0,6.0,4.0,1.0,0.0,0.0
Kang-In Lee,South Korea,0.0,0.117975209,1.0,77.0,61.0,4.0,12.0,0.0
Kaoru Mitoma,Japan,0.0,0.837634306,2.0,73.0,54.0,3.0,20.0,0.0
Karim Ansarifard,Iran,0.0,0.06399969,0.0,6.0,5.0,1.0,4.0,0.0
Karim Boudiaf,Qatar,0.0,0.0,0.0,107.0,94.0,0.0,14.0,0.0
Karl Brillant Toko Ekambi,Cameroon,0.0,0.1803258,1.0,52.0,42.0,3.0,16.0,0.0
Karol Świderski,Poland,0.0,0.0,0.0,8.0,7.0,0.0,3.0,0.0
Kasper Dolberg,Denmark,0.0,0.511986249,2.0,18.0,17.0,1.0,6.0,0.0
Kasper Schmeichel,Denmark,0.0,0.0,0.0,87.0,72.0,0.0,15.0,8.0
Keanu Baccus,Australia,0.0,0.035468098,0.0,40.0,26.0,0.0,16.0,0.0
Kellyn Kai Perry-Acosta,United States,0.0,0.0,0.0,12.0,10.0,0.0,1.0,0.0
Kendall Jamaal Waston Manley,Costa Rica,0.0,0.099276,1.0,77.0,65.0,0.0,27.0,0.0
Kenneth Taylor,Netherlands,0.0,0.0,0.0,9.0,9.0,0.0,0.0,0.0
Kevin De Bruyne,Belgium,0.0,0.1779663248,2.0,140.0,100.0,8.0,20.0,0.0
Kevin José Rodríguez Cortez,Ecuador,0.0,0.13848205,0.0,1.0,0.0,0.0,1.0,0.0
Kevin Nahin Álvarez Campos,Mexico,0.0,0.0,0.0,24.0,18.0,0.0,8.0,0.0
Keylor Navas Gamboa,Costa Rica,0.0,0.0,0.0,101.0,55.0,0.0,20.0,11.0
Keysher Fuller Spence,Costa Rica,1.0,0.31160433,2.0,61.0,43.0,1.0,25.0,0.0
Kieffer Roberto Francisco Moore,Wales,0.0,0.6403291090000001,2.0,60.0,41.0,4.0,18.0,0.0
Kieran Trippier,England,0.0,0.042866398,0.0,195.0,165.0,3.0,16.0,0.0
Kingsley Coman,France,0.0,0.8713631399999999,1.0,70.0,54.0,1.0,17.0,0.0
Kléper Laveran Lima Ferreira,Portugal,1.0,0.33506425,1.0,295.0,252.0,0.0,44.0,0.0
Ko Itakura,Japan,0.0,0.162244075,1.0,111.0,102.0,1.0,27.0,0.0
Krystian Bielik,Poland,0.0,0.136828873,0.0,98.0,90.0,0.0,27.0,0.0
Krzysztof Piątek,Poland,0.0,0.02819521,0.0,6.0,3.0,0.0,2.0,0.0
Krépin Diatta,Senegal,0.0,0.128994183,1.0,76.0,62.0,3.0,16.0,0.0
Kye Rowles,Australia,0.0,0.0,0.0,195.0,170.0,0.0,31.0,0.0
Kyle Walker,England,0.0,0.0,0.0,177.0,159.0,0.0,23.0,0.0
Kylian Mbappé Lottin,France,9.0,5.016751877,14.0,233.0,180.0,11.0,33.0,0.0
Kyung-Won Kwon,South Korea,0.0,0.005484339,0.0,43.0,40.0,0.0,13.0,0.0
Lautaro Javier Martínez,Argentina,1.0,2.905046753,5.0,63.0,46.0,0.0,10.0,0.0
Lawrence Ati-Zigi,Ghana,0.0,0.0,0.0,76.0,51.0,0.0,8.0,10.0
Leander Dendoncker,Belgium,0.0,0.08894938,0.0,119.0,117.0,1.0,17.0,0.0
Leandro Daniel Paredes,Argentina,2.0,1.5813709569999999,3.0,240.0,227.0,2.0,24.0,0.0
Leandro Trossard,Belgium,0.0,0.0,0.0,57.0,43.0,2.0,10.0,0.0
Leon Goretzka,Germany,0.0,0.46069595,1.0,59.0,46.0,1.0,11.0,0.0
Leroy Sané,Germany,0.0,0.18344245,0.0,56.0,48.0,5.0,7.0,0.0
Liam Millar,Canada,0.0,0.0,0.0,9.0,5.0,0.0,0.0,0.0
Lionel Andrés Messi Cuccittini,Argentina,9.0,7.598649225,20.0,371.0,306.0,19.0,39.0,0.0
Lisandro Martínez,Argentina,0.0,0.33156127,0.0,154.0,132.0,0.0,26.0,0.0
Lovro Majer,Croatia,2.0,1.5922397369999999,3.0,98.0,80.0,1.0,18.0,0.0
Lucas Daniel Cavallini,Canada,0.0,0.0,0.0,3.0,3.0,0.0,0.0,0.0
Lucas Hernández Pi,France,0.0,0.0,0.0,10.0,6.0,0.0,2.0,0.0
Lucas Tolentino Coelho de Lima,Brazil,1.0,0.704333275,4.0,202.0,172.0,6.0,20.0,0.0
Luis Alberto Suárez Díaz,Uruguay,0.0,0.361762436,1.0,40.0,26.0,1.0,9.0,0.0
Luis Gerardo Chávez Magallón,Mexico,1.0,0.2156515785,4.0,144.0,104.0,4.0,27.0,0.0
Luka Jović,Serbia,0.0,0.05817553,0.0,10.0,7.0,1.0,2.0,0.0
Luka Modrić,Croatia,1.0,1.12735736,5.0,549.0,463.0,6.0,63.0,0.0
Lukas Klostermann,Germany,0.0,0.0,0.0,47.0,46.0,0.0,2.0,0.0
Luke Shaw,England,0.0,0.084394449,1.0,402.0,339.0,8.0,28.0,0.0
Luuk de Jong,Netherlands,1.0,0.8364073399999999,1.0,11.0,8.0,1.0,2.0,0.0
Manuel Neuer,Germany,0.0,0.0,0.0,123.0,111.0,0.0,10.0,7.0
Manuel Obafemi Akanji,Switzerland,1.0,0.8826694319999999,1.0,255.0,229.0,1.0,35.0,0.0
Marcelo Brozović,Croatia,1.0,1.368818893,3.0,529.0,472.0,5.0,70.0,0.0
Marco Asensio Willemsen,Spain,1.0,0.608190739,2.0,117.0,92.0,2.0,7.0,0.0
Marcos Aoás Corrêa,Brazil,0.0,0.86164184,0.0,359.0,345.0,5.0,34.0,0.0
Marcos Javier Acuña,Argentina,0.0,0.076122072,0.0,217.0,170.0,5.0,43.0,0.0
Marcos Llorente Moreno,Spain,0.0,0.024551911,0.0,104.0,94.0,0.0,11.0,0.0
Marcus Rashford,England,3.0,1.382585795,6.0,67.0,50.0,0.0,9.0,0.0
Marcus Thuram,France,0.0,0.115658596,0.0,45.0,32.0,4.0,16.0,0.0
Mario Götze,Germany,0.0,0.066507556,1.0,16.0,15.0,2.0,3.0,0.0
Mario Pašalić,Croatia,1.0,0.9502076909999999,1.0,93.0,77.0,1.0,28.0,0.0
Mark Anthony Kaye,Canada,0.0,0.038882375,0.0,57.0,50.0,0.0,6.0,0.0
Marko Grujić,Serbia,0.0,0.027356416,1.0,17.0,14.0,0.0,2.0,0.0
Marko Livaja,Croatia,1.0,1.773984791,4.0,57.0,35.0,2.0,12.0,0.0
Marten de Roon,Netherlands,0.0,0.0,0.0,122.0,99.0,0.0,15.0,0.0
Martin Braithwaite Christensen,Denmark,0.0,0.23786028,0.0,19.0,13.0,2.0,2.0,0.0
Martin Hongla Yma II,Cameroon,0.0,0.08237888,1.0,64.0,52.0,2.0,14.0,0.0
Mason Mount,England,0.0,0.18183271299999998,1.0,74.0,64.0,1.0,11.0,0.0
Mateo Kovačić,Croatia,0.0,0.34514701999999997,1.0,456.0,416.0,9.0,54.0,0.0
Matheus Luiz Nunes,Portugal,0.0,0.007849269,0.0,33.0,25.0,0.0,2.0,0.0
Mathew Leckie,Australia,1.0,0.11353828,1.0,103.0,69.0,2.0,35.0,0.0
Mathew Ryan,Australia,0.0,0.0,0.0,163.0,112.0,0.0,21.0,13.0
Mathias Jensen,Denmark,0.0,0.048329171000000004,1.0,68.0,53.0,4.0,5.0,0.0
Mathías Olivera Miramontes,Uruguay,0.0,0.08097578899999999,0.0,133.0,108.0,6.0,46.0,0.0
Matthew Charles Turner,United States,0.0,0.0,0.0,126.0,98.0,0.0,17.0,10.0
Matthias Ginter,Germany,0.0,0.0,0.0,3.0,3.0,0.0,0.0,0.0
Matthijs de Ligt,Netherlands,0.0,0.0,0.0,45.0,40.0,0.0,6.0,0.0
Matty Cash,Poland,0.0,0.023505978,0.0,156.0,121.0,2.0,36.0,0.0
Mattéo Guendouzi Olié,France,0.0,0.0,0.0,32.0,28.0,0.0,6.0,0.0
Matías Nicolás Viña Susperreguy,Uruguay,0.0,0.0,0.0,20.0,12.0,0.0,2.0,0.0
Matías Vecino Falero,Uruguay,0.0,0.052239094,1.0,103.0,82.0,1.0,26.0,0.0
Maximiliano Gómez González,Uruguay,0.0,0.077775581,1.0,7.0,4.0,0.0,1.0,0.0
Maya Yoshida,Japan,0.0,0.7835,1.0,227.0,201.0,0.0,54.0,0.0
Mehdi Taremi,Iran,2.0,1.37814372,3.0,82.0,61.0,7.0,29.0,0.0
Mehdi Torabi,Iran,0.0,0.09684943,0.0,37.0,31.0,2.0,11.0,0.0
Memphis Depay,Netherlands,1.0,1.181855992,5.0,127.0,96.0,3.0,14.0,0.0
Meshaal Aissa Barsham,Qatar,0.0,0.0,0.0,63.0,44.0,1.0,8.0,4.0
Michael Steveen Estrada Martínez,Ecuador,0.0,0.246376532,0.0,43.0,30.0,1.0,13.0,0.0
Michał Skóraś,Poland,0.0,0.026707038,0.0,9.0,8.0,0.0,1.0,0.0
Michel Aebischer,Switzerland,0.0,0.0,0.0,4.0,2.0,0.0,0.0,0.0
Michy Batshuayi Tunga,Belgium,1.0,0.620673121,3.0,23.0,15.0,1.0,7.0,0.0
Miki Yamane,Japan,0.0,0.0,0.0,33.0,25.0,1.0,6.0,0.0
Mikkel Damsgaard,Denmark,0.0,0.0,0.0,71.0,57.0,3.0,12.0,0.0
Milad Mohammadi,Iran,0.0,0.0,0.0,66.0,45.0,0.0,19.0,0.0
Milan Borjan,Canada,0.0,0.0,0.0,96.0,75.0,0.0,19.0,8.0
Milos Veljkovic,Serbia,0.0,0.0,0.0,112.0,99.0,0.0,16.0,0.0
Miloš Degenek,Australia,0.0,0.0,0.0,97.0,69.0,0.0,25.0,0.0
Min Jae Kim,South Korea,0.0,0.105906885,0.0,187.0,165.0,0.0,31.0,0.0
Mislav Oršić,Croatia,2.0,1.0595709986,3.0,55.0,42.0,5.0,9.0,0.0
Mitchell Thomas Duke,Australia,1.0,0.254732119,4.0,68.0,36.0,1.0,23.0,0.0
Mohamed Ali Ben Romdhane,Tunisia,0.0,0.0,0.0,19.0,14.0,0.0,10.0,0.0
Mohamed Dräger,Tunisia,0.0,0.303584759,0.0,51.0,35.0,1.0,12.0,0.0
Mohamed Salisu,Ghana,1.0,0.42841392,1.0,149.0,106.0,0.0,41.0,0.0
Mohammad Hossein Kanani Zadegan,Iran,0.0,0.0,0.0,11.0,8.0,0.0,6.0,0.0
Mohammed Al Burayk,Saudi Arabia,0.0,0.36966906099999997,1.0,48.0,39.0,1.0,10.0,0.0
Mohammed Kanoo,Saudi Arabia,0.0,0.319447288,1.0,145.0,118.0,0.0,34.0,0.0
Mohammed Khalil Al Owais,Saudi Arabia,0.0,0.0,0.0,98.0,53.0,0.0,15.0,14.0
Mohammed Kudus,Ghana,2.0,0.658570808,4.0,82.0,61.0,0.0,35.0,0.0
Mohammed Muntari,Qatar,1.0,0.184977709,1.0,19.0,17.0,1.0,5.0,0.0
Mohammed Waed Abdulwahhab Al Bayati,Qatar,0.0,0.0,0.0,12.0,9.0,0.0,2.0,0.0
Moisés Isaac Caicedo Corozo,Ecuador,1.0,0.653325549,1.0,154.0,128.0,0.0,30.0,0.0
Montassar Omar Talbi,Tunisia,0.0,0.012159805,1.0,133.0,115.0,0.0,52.0,0.0
Moon-Hwan Kim,South Korea,0.0,0.0,0.0,242.0,205.0,2.0,52.0,0.0
Morteza Pouraliganji,Iran,0.0,0.26883789,0.0,128.0,93.0,2.0,30.0,0.0
Mosaab Khoder Jibril,Qatar,0.0,0.0,0.0,3.0,3.0,0.0,0.0,0.0
Munir Mohand Mohamedi,Morocco,0.0,0.0,0.0,27.0,18.0,0.0,5.0,4.0
Nader Ghandri,Tunisia,0.0,0.0,0.0,30.0,27.0,0.0,16.0,0.0
Nahuel Molina Lucero,Argentina,1.0,0.485319467,1.0,360.0,296.0,3.0,46.0,0.0
Nampalys Mendy,Senegal,0.0,0.09337050799999999,0.0,162.0,145.0,1.0,29.0,0.0
Nasser Al Dawsari,Saudi Arabia,0.0,0.0,0.0,10.0,10.0,1.0,2.0,0.0
Nathan Aké,Netherlands,0.0,0.0,0.0,352.0,319.0,0.0,53.0,0.0
Nathaniel Atkinson,Australia,0.0,0.0,0.0,37.0,30.0,0.0,9.0,0.0
Nawaf Shaker Al Abid,Saudi Arabia,0.0,0.106110047,0.0,38.0,34.0,1.0,6.0,0.0
Nayef Aguerd,Morocco,0.0,0.25141555,0.0,154.0,133.0,1.0,29.0,0.0
Naïm Sliti,Tunisia,0.0,0.1403044,0.0,50.0,29.0,2.0,9.0,0.0
Neco Williams,Wales,0.0,0.07557114100000001,0.0,97.0,71.0,0.0,38.0,0.0
Nemanja Gudelj,Serbia,0.0,0.0,0.0,55.0,46.0,0.0,6.0,0.0
Nemanja Maksimović,Serbia,0.0,0.0,0.0,57.0,51.0,2.0,19.0,0.0
Nemanja Radonjić,Serbia,0.0,0.051502228,0.0,23.0,16.0,2.0,5.0,0.0
Neymar da Silva Santos Junior,Brazil,2.0,2.129257917,7.0,156.0,123.0,4.0,19.0,0.0
Ngoran Suiru Fai Collins,Cameroon,0.0,0.009452554,0.0,152.0,103.0,2.0,25.0,0.0
Nicholas Williams Arthuer,Spain,0.0,0.0,0.0,62.0,52.0,0.0,10.0,0.0
Niclas Füllkrug,Germany,2.0,1.688675085,3.0,25.0,16.0,2.0,2.0,0.0
Nico Elvedi,Switzerland,0.0,0.19001445,0.0,141.0,132.0,0.0,28.0,0.0
Nico Schlotterbeck,Germany,0.0,0.0,0.0,123.0,112.0,2.0,13.0,0.0
Nicola Zalewski,Poland,0.0,0.0,0.0,18.0,16.0,0.0,3.0,0.0
Nicolas Alexis Julio N'Koulou Ndoubena,Cameroon,0.0,0.382484566,1.0,93.0,79.0,0.0,27.0,0.0
Nicolas Jackson,Senegal,0.0,0.0,0.0,10.0,9.0,0.0,2.0,0.0
Nicolas Moumi Ngamaleu,Cameroon,0.0,0.0,0.0,24.0,21.0,1.0,7.0,0.0
Nicolás Alejandro Tagliafico,Argentina,0.0,0.9122210500000001,2.0,182.0,153.0,2.0,39.0,0.0
Nicolás Hernán Otamendi,Argentina,0.0,0.048093256,0.0,565.0,528.0,2.0,80.0,0.0
Niklas Süle,Germany,0.0,0.07610536,0.0,252.0,233.0,0.0,26.0,0.0
Nikola Milenković,Serbia,0.0,0.123164077,0.0,157.0,136.0,0.0,32.0,0.0
Nikola Vlašić,Croatia,2.0,2.1955534329999997,3.0,55.0,43.0,0.0,12.0,0.0
Noa Lang,Netherlands,0.0,0.0,0.0,3.0,0.0,0.0,4.0,0.0
Noah Okafor,Switzerland,0.0,0.032096077,0.0,21.0,17.0,1.0,4.0,0.0
Nouhou Tolo,Cameroon,0.0,0.0,0.0,106.0,81.0,0.0,32.0,0.0
Noussair Mazraoui,Morocco,0.0,0.151342469,2.0,121.0,103.0,1.0,41.0,0.0
Nuno Mendes,Portugal,0.0,0.0,0.0,34.0,30.0,1.0,2.0,0.0
Néstor Alejandro Araújo Razo,Mexico,0.0,0.0,0.0,56.0,47.0,0.0,9.0,0.0
Olivier Giroud,France,4.0,3.0359552720000003,6.0,75.0,49.0,2.0,12.0,0.0
Orbelín Pineda Alvarado,Mexico,0.0,0.505017774,1.0,26.0,20.0,1.0,13.0,0.0
Osman Bukari,Ghana,1.0,0.2462625047,1.0,21.0,17.0,1.0,10.0,0.0
Otávio Edmilson da Silva Monteiro,Portugal,0.0,0.1035403,2.0,131.0,101.0,4.0,11.0,0.0
Ousmane Dembélé,France,0.0,0.362467341,2.0,191.0,149.0,12.0,29.0,0.0
Pablo Martín Páez Gavira,Spain,1.0,0.056229107,1.0,153.0,135.0,2.0,21.0,0.0
Pablo Sarabia García,Spain,0.0,0.88757615,0.0,5.0,2.0,2.0,1.0,0.0
Pape Abou Cissé,Senegal,0.0,0.0,0.0,38.0,30.0,0.0,11.0,0.0
Pape Gueye,Senegal,0.0,0.094318055,2.0,61.0,46.0,2.0,18.0,0.0
Pape Matar Sarr,Senegal,0.0,0.08593205500000001,0.0,47.0,40.0,1.0,5.0,0.0
Pathé Ismaël Ciss,Senegal,0.0,0.03057826,0.0,60.0,51.0,0.0,19.0,0.0
Pau Francisco Torres,Spain,0.0,0.0,0.0,190.0,171.0,0.0,8.0,0.0
Paulo Bruno Exequiel Dybala,Argentina,1.0,0.7835,1.0,13.0,9.0,1.0,2.0,0.0
Pedro González López,Spain,0.0,0.0,0.0,426.0,395.0,5.0,42.0,0.0
Pedro Guilherme Abreu dos Santos,Brazil,1.0,1.215663274,2.0,15.0,12.0,0.0,2.0,0.0
Pedro Miguel Correia,Qatar,0.0,0.037067295,0.0,115.0,83.0,0.0,22.0,0.0
Pervis Josué Estupiñán Tenorio,Ecuador,0.0,0.27007267,1.0,187.0,146.0,4.0,34.0,0.0
Phil Foden,England,1.0,1.22865907,1.0,57.0,44.0,2.0,9.0,0.0
Philip Foden,England,0.0,0.022691524,0.0,61.0,49.0,4.0,7.0,0.0
Piero Martín Hincapié Reyna,Ecuador,0.0,0.0,0.0,199.0,171.0,0.0,27.0,0.0
Pierre Kunde Malong,Cameroon,0.0,0.187109743,2.0,51.0,39.0,1.0,17.0,0.0
Pierre-Emile Højbjerg,Denmark,0.0,0.023862642,1.0,224.0,200.0,1.0,33.0,0.0
Piotr Zieliński,Poland,1.0,0.5838947800000001,2.0,153.0,124.0,7.0,25.0,0.0
Przemysław Frankowski,Poland,0.0,0.043646414,0.0,73.0,51.0,1.0,22.0,0.0
Rafael Alexandre Conceição Leão,Portugal,2.0,0.248383942,2.0,45.0,32.0,1.0,7.0,0.0
Raheem Sterling,England,1.0,0.1885282,1.0,58.0,47.0,0.0,6.0,0.0
Ramin Rezaeian,Iran,1.0,0.230377999,1.0,105.0,71.0,3.0,17.0,0.0
Randal Kolo Muani,France,2.0,2.050369225,3.0,36.0,25.0,0.0,10.0,0.0
Raphael Dias Belloli,Brazil,0.0,0.922930661,6.0,150.0,115.0,8.0,24.0,0.0
Raphaël Adelino José Guerreiro,Portugal,1.0,0.399528818,1.0,191.0,163.0,6.0,19.0,0.0
Raphaël Varane,France,0.0,0.26440085,0.0,280.0,251.0,0.0,42.0,0.0
Rasmus Nissen Kristensen,Denmark,0.0,0.0,0.0,178.0,139.0,1.0,16.0,0.0
Raúl Alonso Jiménez Rodríguez,Mexico,0.0,0.0,0.0,32.0,19.0,0.0,6.0,0.0
Remo Freuler,Switzerland,1.0,0.54479492,2.0,149.0,126.0,0.0,35.0,0.0
Renato Steffen,Switzerland,0.0,0.0,0.0,13.0,12.0,0.0,5.0,0.0
Ricardo Iván Rodríguez Araya,Switzerland,0.0,0.0,0.0,227.0,172.0,2.0,31.0,0.0
Ricardo Jorge Luz Horta,Portugal,1.0,0.458795408,2.0,47.0,31.0,1.0,10.0,0.0
Richarlison de Andrade,Brazil,3.0,1.617659122,4.0,54.0,39.0,5.0,29.0,0.0
Richie Laryea,Canada,0.0,0.056640564,0.0,45.0,35.0,4.0,19.0,0.0
Riley McGree,Australia,0.0,0.08010532199999999,1.0,73.0,57.0,4.0,31.0,0.0
Ritsu Doan,Japan,2.0,0.577215802,3.0,57.0,37.0,2.0,30.0,0.0
Riyadh Sharahili,Saudi Arabia,0.0,0.0,0.0,19.0,17.0,1.0,15.0,0.0
Roan Roberto Wilson Gordon,Costa Rica,0.0,0.0,0.0,6.0,6.0,0.0,2.0,0.0
Robert Lewandowski,Poland,2.0,3.125917802,4.0,91.0,65.0,5.0,29.0,0.0
Robert Skov,Denmark,0.0,0.0,0.0,21.0,16.0,0.0,4.0,0.0
Roberto Carlos Alvarado Hernández,Mexico,0.0,0.0,0.0,11.0,5.0,0.0,1.0,0.0
Rodrigo Bentancur Colmán,Uruguay,0.0,0.620971297,1.0,158.0,134.0,2.0,33.0,0.0
Rodrigo Hernández Cascante,Spain,0.0,0.0056476467,0.0,679.0,644.0,4.0,42.0,0.0
Rodrigo Javier De Paul,Argentina,0.0,0.570042511,3.0,563.0,475.0,7.0,59.0,0.0
Rodrygo Silva de Goes,Brazil,0.0,1.245341896,3.0,112.0,89.0,5.0,19.0,0.0
Rogelio Gabriel Funes Mori,Mexico,0.0,0.06664524,0.0,0.0,0.0,0.0,0.0,0.0
Romain Saïss,Morocco,1.0,0.56495196,1.0,193.0,158.0,0.0,55.0,0.0
Romario Andrés Ibarra Mina,Ecuador,0.0,0.136638454,1.0,16.0,11.0,0.0,7.0,0.0
Romelu Lukaku Menama,Belgium,0.0,1.68415473,2.0,9.0,7.0,1.0,4.0,0.0
Ronald Alberto Matarrita Ulate,Costa Rica,0.0,0.0,0.0,29.0,20.0,0.0,3.0,0.0
Roozbeh Cheshmi,Iran,1.0,0.03268815,1.0,14.0,7.0,0.0,7.0,0.0
Ruben Vargas,Switzerland,0.0,0.29582627899999997,1.0,114.0,81.0,6.0,18.0,0.0
Rubin Colwill,Wales,0.0,0.025066664,0.0,4.0,2.0,0.0,2.0,0.0
Rúben Diogo Da Silva Neves,Portugal,0.0,0.087037176,0.0,259.0,238.0,3.0,24.0,0.0
Rúben Santos Gato Alves Dias,Portugal,0.0,0.03750256,0.0,266.0,246.0,0.0,33.0,0.0
Saad Abdullah Al Sheeb,Qatar,0.0,0.0,0.0,21.0,17.0,0.0,4.0,1.0
Sadegh Moharrami,Iran,0.0,0.0,0.0,26.0,19.0,0.0,10.0,0.0
Saeid Ezatolahi Afagh,Iran,0.0,0.0612828607,1.0,93.0,71.0,2.0,19.0,0.0
Saleh Khalid Al Shehri,Saudi Arabia,1.0,0.147030338,2.0,46.0,32.0,1.0,15.0,0.0
Salem Mohammed Al Dawsari,Saudi Arabia,2.0,1.564055345,5.0,117.0,92.0,6.0,22.0,0.0
Salis Abdul Samed,Ghana,0.0,0.026676558,0.0,142.0,130.0,1.0,41.0,0.0
Salman Mohammed Al Faraj,Saudi Arabia,0.0,0.0,0.0,15.0,10.0,0.0,5.0,0.0
Sam Adekugbe,Canada,0.0,0.0,0.0,72.0,62.0,1.0,8.0,0.0
Saman Ghoddos,Iran,0.0,0.39133456,0.0,21.0,15.0,1.0,0.0,0.0
Sami Khalil Al Naji,Saudi Arabia,0.0,0.0,0.0,21.0,15.0,1.0,5.0,0.0
Samuel Yves Oum Gwet,Cameroon,0.0,0.0,0.0,57.0,52.0,0.0,15.0,0.0
Sang-Ho Na,South Korea,0.0,0.05996953,1.0,38.0,25.0,3.0,17.0,0.0
Sardar Azmoun,Iran,0.0,0.960581323,3.0,32.0,18.0,1.0,5.0,0.0
Saud Abdullah Abdul Hamid,Saudi Arabia,0.0,0.005913877,0.0,119.0,91.0,2.0,30.0,0.0
Saša Lukić,Serbia,0.0,0.039666813,0.0,162.0,143.0,0.0,25.0,0.0
Sebastian Szymański,Poland,0.0,0.0,0.0,40.0,27.0,0.0,13.0,0.0
Sebastián Coates Nión,Uruguay,0.0,0.103292696,0.0,97.0,78.0,0.0,17.0,0.0
Selim Amallah,Morocco,0.0,0.11463773599999999,0.0,88.0,70.0,3.0,37.0,0.0
Serge Gnabry,Germany,1.0,0.728018954,4.0,113.0,85.0,6.0,30.0,0.0
Sergej Milinković-Savić,Serbia,1.0,0.200274783,1.0,120.0,90.0,0.0,35.0,0.0
Sergino Dest,United States,0.0,0.2518676686,0.0,201.0,174.0,3.0,36.0,0.0
Sergio Busquets i Burgos,Spain,0.0,0.88711582,1.0,290.0,265.0,3.0,26.0,0.0
Sergio Rochet Álvarez,Uruguay,0.0,0.0,0.0,76.0,53.0,0.0,12.0,5.0
Seung-Gyu Kim,South Korea,0.0,0.0,0.0,128.0,94.0,0.0,16.0,12.0
Seung-Ho Paik,South Korea,1.0,0.023081098,1.0,24.0,19.0,0.0,3.0,0.0
Seyed Hossein Hosseini,Iran,0.0,0.0,0.0,48.0,22.0,0.0,10.0,4.0
Seyed Majid Hosseini,Iran,0.0,0.0,0.0,108.0,87.0,0.0,36.0,0.0
Shaquell Moore,United States,0.0,0.0,0.0,21.0,14.0,0.0,4.0,0.0
Shogo Taniguchi,Japan,0.0,0.17448755,0.0,86.0,76.0,0.0,17.0,0.0
Shūichi Gonda,Japan,0.0,0.0,0.0,113.0,69.0,0.0,14.0,15.0
Silvan Widmer,Switzerland,0.0,0.05117428,0.0,164.0,127.0,2.0,31.0,0.0
Simon Thorup Kjær,Denmark,0.0,0.0,0.0,55.0,50.0,0.0,15.0,0.0
Sofiane Boufal,Morocco,0.0,0.31647403,1.0,134.0,107.0,4.0,32.0,0.0
Sofyan Amrabat,Morocco,0.0,0.020691318,0.0,323.0,274.0,2.0,77.0,0.0
Sorba Thomas,Wales,0.0,0.0,0.0,4.0,3.0,0.0,1.0,0.0
Srđan Babić,Serbia,0.0,0.0,0.0,15.0,11.0,0.0,3.0,0.0
Stefan Mitrović,Serbia,0.0,0.0,0.0,19.0,17.0,0.0,2.0,0.0
Stephen Antunes Eustáquio,Canada,0.0,0.164512644,0.0,93.0,85.0,2.0,15.0,0.0
Steve Mandanda,France,0.0,0.0,0.0,31.0,18.0,0.0,7.0,2.0
Steven Berghuis,Netherlands,0.0,0.975530951,1.0,128.0,98.0,3.0,11.0,0.0
Steven Bergwijn,Netherlands,0.0,0.33993796000000004,0.0,71.0,65.0,0.0,7.0,0.0
Steven de Sousa Vitoria,Canada,0.0,0.0,0.0,183.0,160.0,0.0,32.0,0.0
Strahinja Pavlović,Serbia,1.0,0.177865885,1.0,152.0,121.0,0.0,38.0,0.0
Sultan Abdullah Salim Al Ghannam,Saudi Arabia,0.0,0.244814519,0.0,55.0,36.0,1.0,14.0,0.0
Taha Yassine Khenissi,Tunisia,0.0,0.012915949,0.0,3.0,2.0,1.0,3.0,0.0
Tajon Buchanan,Canada,0.0,0.714270153,0.0,88.0,61.0,4.0,24.0,0.0
Takefusa Kubo,Japan,0.0,0.0,0.0,13.0,7.0,0.0,8.0,0.0
Takehiro Tomiyasu,Japan,0.0,0.0,0.0,98.0,73.0,3.0,24.0,0.0
Takuma Asano,Japan,2.0,1.279548737,3.0,29.0,22.0,1.0,11.0,0.0
Takumi Minamino,Japan,0.0,0.8339613109999999,2.0,24.0,14.0,0.0,3.0,0.0
Tarek Salman Salman,Qatar,0.0,0.0,0.0,11.0,7.0,0.0,2.0,0.0
Tariq Lamptey,Ghana,0.0,0.07450179,0.0,33.0,21.0,0.0,16.0,0.0
Teun Koopmeiners,Netherlands,1.0,0.87343067,2.0,120.0,95.0,2.0,26.0,0.0
Theo Bernard François Hernández,France,1.0,0.259309684,2.0,332.0,290.0,12.0,50.0,0.0
Thiago Emiliano da Silva,Brazil,0.0,0.20821556000000002,0.0,335.0,320.0,4.0,34.0,0.0
Thiago Ezequiel Almada,Argentina,0.0,0.0,0.0,13.0,12.0,1.0,1.0,0.0
Thibaut Courtois,Belgium,0.0,0.0,0.0,122.0,109.0,0.0,12.0,9.0
Thilo Kehrer,Germany,0.0,0.0,0.0,28.0,21.0,0.0,9.0,0.0
Thomas Delaney,Denmark,0.0,0.0,0.0,31.0,26.0,0.0,4.0,0.0
Thomas Meunier,Belgium,0.0,0.119195924,1.0,142.0,109.0,2.0,22.0,0.0
Thomas Müller,Germany,0.0,0.270048914,0.0,72.0,54.0,6.0,11.0,0.0
Thomas Teye Partey,Ghana,0.0,0.23574545500000002,0.0,181.0,153.0,2.0,29.0,0.0
Thorgan Hazard,Belgium,0.0,0.0,0.0,59.0,41.0,5.0,6.0,0.0
Tim Ream,United States,0.0,0.2582279,1.0,270.0,241.0,0.0,47.0,0.0
Timothy Castagne,Belgium,0.0,0.0,0.0,201.0,176.0,0.0,21.0,0.0
Timothy Weah,United States,1.0,0.440147946,3.0,109.0,91.0,6.0,20.0,0.0
Toby Alderweireld,Belgium,0.0,0.0,0.0,267.0,244.0,1.0,34.0,0.0
Trent Alexander-Arnold,England,0.0,0.0,0.0,23.0,21.0,0.0,2.0,0.0
Tyler Adams,United States,0.0,0.019808901,0.0,269.0,246.0,2.0,52.0,0.0
Ui-Jo Hwang,South Korea,0.0,0.323128,0.0,11.0,8.0,0.0,2.0,0.0
Unai Simón Mendibil,Spain,0.0,0.0,0.0,158.0,148.0,0.0,12.0,7.0
Vanja Milinković Savić,Serbia,0.0,0.0,0.0,127.0,92.0,0.0,19.0,16.0
Victor Nelsson,Denmark,0.0,0.0,0.0,72.0,68.0,0.0,8.0,0.0
Vincent Janssen,Netherlands,0.0,0.15551722,0.0,20.0,16.0,1.0,6.0,0.0
Vincent Paté Aboubakar,Cameroon,2.0,0.5289856239999999,3.0,31.0,20.0,2.0,13.0,0.0
Vinícius José Paixão de Oliveira Júnior,Brazil,1.0,0.8115265530000001,4.0,91.0,70.0,8.0,21.0,0.0
Virgil van Dijk,Netherlands,0.0,0.977948796,1.0,343.0,305.0,2.0,52.0,0.0
Vitor Machado Ferreira,Portugal,0.0,0.053871288999999996,2.0,109.0,102.0,1.0,8.0,0.0
Wahbi Khazri,Tunisia,1.0,0.297766004,3.0,20.0,12.0,0.0,8.0,0.0
Wajdi Kechrida,Tunisia,0.0,0.0,0.0,66.0,43.0,1.0,14.0,0.0
Walid Cheddira,Morocco,0.0,0.249388745,1.0,8.0,5.0,1.0,4.0,0.0
Walker Zimmerman,United States,0.0,0.05674074,0.0,233.0,212.0,0.0,39.0,0.0
Wataru Endo,Japan,0.0,0.181400907,1.0,187.0,153.0,4.0,50.0,0.0
Wayne Hennessey,Wales,0.0,0.0,0.0,66.0,52.0,0.0,12.0,5.0
Weston McKennie,United States,0.0,0.37566194999999997,0.0,146.0,117.0,3.0,30.0,0.0
Weverton Pereira da Silva,Brazil,0.0,0.0,0.0,5.0,4.0,0.0,0.0,0.0
William Saliba,France,0.0,0.0,0.0,37.0,37.0,1.0,4.0,0.0
William Silva de Carvalho,Portugal,0.0,0.048683427,0.0,165.0,153.0,0.0,16.0,0.0
Wojciech Szczęsny,Poland,0.0,0.0,0.0,146.0,88.0,0.0,18.0,25.0
Woo-Yeong Jeong,South Korea,0.0,0.03008143,0.0,16.0,13.0,0.0,3.0,0.0
Woo-Young Jung,South Korea,0.0,0.010946972,0.0,208.0,179.0,2.0,36.0,0.0
Wout Weghorst,Netherlands,3.0,1.050509997,3.0,16.0,9.0,1.0,6.0,0.0
Xavi Simons,Netherlands,0.0,0.0,0.0,10.0,6.0,0.0,2.0,0.0
Xherdan Shaqiri,Switzerland,1.0,0.494927794,2.0,104.0,68.0,4.0,10.0,0.0
Yahia Attiyat allah,Morocco,0.0,0.331586645,0.0,138.0,97.0,4.0,41.0,0.0
Yahya Jabrane,Morocco,0.0,0.0,0.0,4.0,2.0,0.0,3.0,0.0
Yann Sommer,Switzerland,0.0,0.0,0.0,117.0,107.0,0.0,11.0,12.0
Yannick Ferreira Carrasco,Belgium,0.0,0.202310031,0.0,46.0,39.0,0.0,13.0,0.0
Yasir Gharsan Al Shahrani,Saudi Arabia,0.0,0.0,0.0,26.0,12.0,0.0,14.0,0.0
Yassine Bounou,Morocco,0.0,0.0,0.0,210.0,156.0,0.0,25.0,9.0
Yassine Meriah,Tunisia,0.0,0.046073906,0.0,168.0,138.0,1.0,44.0,0.0
Yeltsin Ignacio Tejeda Valverde,Costa Rica,1.0,0.522077037,2.0,98.0,79.0,1.0,30.0,0.0
Young-Gwon Kim,South Korea,1.0,0.689242366,1.0,210.0,180.0,2.0,30.0,0.0
Youri Tielemans,Belgium,0.0,0.0,0.0,61.0,51.0,1.0,10.0,0.0
Youssef En-Nesyri,Morocco,2.0,1.045874203,3.0,76.0,48.0,1.0,36.0,0.0
Youssef Msakni,Tunisia,0.0,0.642520471,2.0,70.0,50.0,4.0,15.0,0.0
Youssouf Fofana,France,0.0,0.16560118299999999,0.0,112.0,95.0,1.0,23.0,0.0
Youssouf Sabaly,Senegal,0.0,0.0178921875,1.0,222.0,192.0,8.0,50.0,0.0
Youssoufa Moukoko,Germany,0.0,0.0,0.0,2.0,2.0,0.0,0.0,0.0
Youstin Delfin Salas Gómez,Costa Rica,0.0,0.0,0.0,18.0,15.0,0.0,6.0,0.0
Yuki Soma,Japan,0.0,0.13489698,0.0,20.0,13.0,0.0,3.0,0.0
Yunus Dimoara Musah,United States,0.0,0.197483729,1.0,182.0,154.0,3.0,31.0,0.0
Yuto Nagatomo,Japan,0.0,0.0,0.0,108.0,81.0,1.0,18.0,0.0
Zakaria Aboukhlal,Morocco,1.0,0.5970794660000001,2.0,13.0,8.0,0.0,9.0,0.0
Álvaro Borja Morata Martín,Spain,3.0,1.109480678,5.0,40.0,27.0,1.0,8.0,0.0
Álvaro José Zamora Mata,Costa Rica,0.0,0.0,0.0,5.0,5.0,0.0,1.0,0.0
Ángel Fabián Di María Hernández,Argentina,1.0,0.53383544,4.0,164.0,126.0,11.0,17.0,0.0
Ángel Martín Correa,Argentina,0.0,0.0,0.0,4.0,4.0,0.0,1.0,0.0
Éder Gabriel Militão,Brazil,0.0,0.258765465,1.0,277.0,251.0,0.0,35.0,0.0
Érick Gabriel Gutiérrez Galaviz,Mexico,0.0,0.0,0.0,30.0,25.0,0.0,5.0,0.0
Éverton Augusto de Barros Ribeiro,Brazil,0.0,0.0,0.0,17.0,15.0,2.0,1.0,0.0
Óscar Esau Duarte Gaitán,Costa Rica,0.0,0.0,0.0,97.0,68.0,1.0,37.0,0.0
İlkay Gündoğan,Germany,1.0,1.128953889,3.0,163.0,148.0,1.0,23.0,0.0
