team,player,x,y,shot_statsbomb_xg,is_goal,on_target
Canada,Mark Anthony Kaye,96.5,40.7,0.038882375,False,False
Morocco,Hakim Ziyech,83.9,45.0,0.024477394,True,True
Morocco,Abdelhamid Sabiri,86.8,38.4,0.02207015,False,False
Morocco,Sofiane Boufal,107.0,48.3,0.06158555,False,False
Canada,Tajon Buchanan,113.3,34.9,0.27914461,False,False
Morocco,Hakim Ziyech,97.5,54.0,0.022624016,False,False
Morocco,Youssef En-Nesyri,107.6,53.2,0.10405799,True,True
Morocco,Abdelhamid Sabiri,107.9,34.2,0.09711841,False,False
Morocco,Youssef En-Nesyri,106.8,46.7,0.094470315,False,False
Canada,Alphonso Davies,105.1,41.2,0.051903803,False,False
Canada,Atiba Hutchinson,112.2,37.7,0.086874224,False,False
Canada,Alistair Johnston,118.8,41.6,0.638813,False,False
England,Harry Maguire,115.4,29.4,0.23307544,False,False
England,Bukayo Saka,101.1,55.3,0.028282227,False,True
England,Mason Mount,113.4,49.1,0.06697492,False,False
England,Harry Maguire,110.5,40.7,0.06988547,False,False
England,Jude Bellingham,112.0,38.0,0.08285139,True,True
England,Bukayo Saka,104.1,38.5,0.061030492,True,True
England,Raheem Sterling,111.0,42.8,0.1885282,True,True
Iran,Alireza Jahanbakhsh,106.4,48.8,0.11232807,False,False
England,Kieran Trippier,93.9,27.7,0.042866398,False,False
England,Luke Shaw,97.9,25.1,0.021548782,False,False
Iran,Saeid Ezatolahi Afagh,83.8,35.5,0.0065368367,False,False
England,Bukayo Saka,105.3,46.3,0.080026746,True,True
Iran,Mehdi Taremi,109.7,48.0,0.065701395,True,True
Iran,Mehdi Torabi,103.5,32.3,0.045791544,False,False
Iran,Ahmad Nourollahi,97.8,34.8,0.028478073,False,False
England,Marcus Rashford,109.7,47.7,0.40810898,True,True
Iran,Mehdi Taremi,105.1,54.6,0.06202265,False,False
England,Marcus Rashford,108.6,50.7,0.0776978,False,False
England,Jack Grealish,112.0,39.9,0.6262809,True,True
Iran,Sardar Azmoun,110.9,30.5,0.35130003,False,True
Iran,Mehdi Taremi,108.0,40.0,0.7835,True,True
Croatia,Ivan Perišić,102.9,23.8,0.03397081,False,False
Belgium,Yannick Ferreira Carrasco,105.3,27.8,0.05519996,False,False
Belgium,Yannick Ferreira Carrasco,117.0,29.2,0.020840297,False,False
Belgium,Dries Mertens,105.2,33.9,0.1934709,False,False
Belgium,Axel Witsel,92.7,34.9,0.025340356,False,False
Croatia,Marcelo Brozović,99.8,36.6,0.054300383,False,False
Croatia,Marko Livaja,112.2,42.5,0.104244776,False,False
Belgium,Dries Mertens,116.9,49.2,0.108029366,False,False
Croatia,Borna Sosa,94.9,25.7,0.024362085,False,False
Croatia,Ivan Perišić,108.5,38.0,0.08771692,False,False
Croatia,Josip Juranović,103.1,51.5,0.041306578,False,False
Belgium,Yannick Ferreira Carrasco,100.9,28.3,0.026916144,False,False
Belgium,Romelu Lukaku Menama,117.5,34.2,0.1189759,False,True
Croatia,Mateo Kovačić,103.9,29.2,0.07960723,False,True
Croatia,Borna Sosa,94.7,35.3,0.024012579,False,False
Belgium,Kevin De Bruyne,100.9,32.5,0.048855886,False,False
Croatia,Marcelo Brozović,100.6,37.7,0.10219261,False,True
Croatia,Luka Modrić,105.6,52.9,0.071706615,False,True
Belgium,Yannick Ferreira Carrasco,112.8,36.3,0.09935363,False,False
Belgium,Romelu Lukaku Menama,110.7,45.1,0.19960539,False,False
Belgium,Romelu Lukaku Menama,113.1,42.1,0.30245224,False,False
Croatia,Luka Modrić,106.7,39.0,0.07160131,False,True
Belgium,Kevin De Bruyne,111.9,60.4,0.0061408128,False,True
Belgium,Jan Vertonghen,112.6,36.5,0.07045005,False,False
Belgium,Thomas Meunier,110.5,53.1,0.04308796,False,False
Belgium,Romelu Lukaku Menama,115.5,43.8,0.4909717,False,False
Belgium,Romelu Lukaku Menama,117.4,37.3,0.5721495,False,True
Netherlands,Cody Mathès Gakpo,100.6,31.0,0.059259485,True,True
Ecuador,Enner Remberto Valencia Lastra,107.0,30.0,0.062208217,False,False
Ecuador,Moisés Isaac Caicedo Corozo,94.8,37.9,0.030668529,False,False
Ecuador,Michael Steveen Estrada Martínez,112.1,34.6,0.069653474,False,False
Ecuador,Enner Remberto Valencia Lastra,100.6,23.5,0.029882463,False,True
Ecuador,Enner Remberto Valencia Lastra,110.2,47.9,0.024015462,False,False
Ecuador,Angelo Smit Preciado Quiñónez,100.6,54.0,0.022953799,False,False
Ecuador,Pervis Josué Estupiñán Tenorio,112.0,44.1,0.18923391,False,False
Ecuador,Pervis Josué Estupiñán Tenorio,105.8,28.7,0.08083876,False,True
Ecuador,Enner Remberto Valencia Lastra,116.0,38.1,0.790909,True,True
Ecuador,Enner Remberto Valencia Lastra,102.0,37.5,0.09564507,False,False
Ecuador,Gonzalo Jordy Plata Jiménez,104.2,52.6,0.046335444,False,False
Ecuador,Michael Steveen Estrada Martínez,105.1,38.0,0.13418972,False,False
Netherlands,Teun Koopmeiners,96.5,40.9,0.04520454,False,False
Ecuador,Moisés Isaac Caicedo Corozo,103.2,29.4,0.03323832,False,False
Ecuador,Angelo Smit Preciado Quiñónez,95.3,57.9,0.007451811,False,False
Ecuador,Angelo Smit Preciado Quiñónez,98.9,38.2,0.033830326,False,True
Spain,Sergio Busquets i Burgos,97.0,46.1,0.03268242,False,False
Japan,Junya Ito,114.0,53.5,0.04214545,False,False
Spain,Álvaro Borja Morata Martín,109.9,35.6,0.06376064,False,True
Spain,Álvaro Borja Morata Martín,115.3,38.3,0.33106714,True,True
Spain,Álvaro Borja Morata Martín,104.7,51.6,0.10093839,False,True
Japan,Daichi Kamada,107.0,54.5,0.03356069,False,False
Spain,Daniel Olmo Carvajal,102.8,35.2,0.10385344,False,False
Japan,Ritsu Doan,100.5,55.8,0.027777622,True,True
Japan,Ao Tanaka,118.7,40.2,0.87261814,True,True
Japan,Takuma Asano,100.5,36.3,0.13121767,False,False
Spain,Marco Asensio Willemsen,104.8,23.5,0.016301522,False,False
Spain,Daniel Olmo Carvajal,86.3,46.3,0.01649772,False,False
Japan,Ko Itakura,104.0,39.0,0.0504811,False,True
Spain,Marco Asensio Willemsen,96.8,52.1,0.02842248,False,False
Spain,Jordi Alba Ramos,97.9,27.0,0.0241939,False,False
Spain,Marco Asensio Willemsen,94.8,61.9,0.007735879,False,True
Spain,Daniel Olmo Carvajal,111.0,52.0,0.12373556,False,True
Spain,Daniel Olmo Carvajal,94.2,57.0,0.008523117,False,False
England,Harry Kane,108.9,42.6,0.10607713,False,False
England,John Stones,109.2,38.6,0.04222343,False,False
England,Mason Mount,94.2,27.2,0.019677445,False,False
United States,Haji Wright,108.1,43.9,0.048006557,False,False
United States,Weston McKennie,110.5,39.5,0.18268152,False,False
United States,Yunus Dimoara Musah,93.0,25.1,0.016826272,False,True
United States,Christian Pulisic,106.4,24.4,0.023374733,False,False
United States,Sergino Dest,108.6,51.2,0.056137927,False,False
United States,Christian Pulisic,110.0,42.8,0.05394238,False,False
England,Bukayo Saka,113.2,36.1,0.08680134,False,False
England,Mason Mount,100.1,32.9,0.0710417,False,True
United States,Haji Wright,106.5,28.3,0.0422633,False,False
United States,Weston McKennie,99.2,53.9,0.032319076,False,False
United States,Christian Pulisic,98.8,24.7,0.025169194,False,False
United States,Christian Pulisic,95.3,40.1,0.033566043,False,False
England,Marcus Rashford,105.3,20.7,0.009332121,False,True
England,Harry Maguire,109.9,37.5,0.05556727,False,True
England,Harry Kane,111.2,40.8,0.06991791,False,False
United States,Yunus Dimoara Musah,100.5,38.2,0.045798708,False,False
United States,Christian Pulisic,110.1,35.6,0.080380306,False,True
United States,Joshua Sargent,99.0,32.1,0.040954046,False,False
United States,Timothy Weah,109.7,35.9,0.12157792,False,True
United States,Sergino Dest,101.3,48.2,0.05512647,False,False
United States,Timothy Weah,108.7,54.1,0.04585104,False,False
United States,Sergino Dest,102.0,50.5,0.043695714,False,False
United States,Christian Pulisic,115.1,38.7,0.5303789,True,True
United States,Joshua Sargent,114.2,56.9,0.011004616,False,False
United States,Joshua Sargent,110.0,25.2,0.05674209,False,True
Iran,Saman Ghoddos,114.1,38.7,0.39133456,False,False
United States,Yunus Dimoara Musah,97.0,43.3,0.080397844,False,False
Iran,Saeid Ezatolahi Afagh,90.8,21.8,0.006830182,False,False
Iran,Morteza Pouraliganji,111.0,35.6,0.21722858,False,False
Iran,Mehdi Taremi,111.1,39.5,0.30539662,False,True
United States,Haji Wright,105.1,23.9,0.057746947,False,True
Morocco,Noussair Mazraoui,96.9,32.0,0.026111592,False,False
Morocco,Hakim Ziyech,101.9,43.3,0.052363984,False,False
Croatia,Ivan Perišić,82.9,33.6,0.00976612,False,False
Morocco,Sofiane Boufal,96.7,46.7,0.04188839,False,False
Morocco,Hakim Ziyech,94.5,37.4,0.06625415,False,False
Morocco,Youssef En-Nesyri,117.8,31.5,0.03416934,False,False
Croatia,Nikola Vlašić,114.7,35.7,0.44776994,False,True
Croatia,Nikola Vlašić,105.2,33.9,0.06879163,False,False
Croatia,Luka Modrić,98.8,39.3,0.073204115,False,False
Morocco,Sofiane Boufal,94.0,38.6,0.042848527,False,False
Morocco,Noussair Mazraoui,115.3,29.2,0.07962643,False,True
Croatia,Dejan Lovren,112.7,38.8,0.2503287,False,False
Morocco,Achraf Hakimi Mouh,88.5,31.5,0.019376563,False,True
Wales,Neco Williams,99.5,23.0,0.023614733,False,False
Iran,Sardar Azmoun,97.2,31.2,0.035244513,False,True
Wales,Kieffer Roberto Francisco Moore,111.6,44.5,0.12850787,False,True
Iran,Ahmad Nourollahi,95.5,34.0,0.017788952,False,False
Iran,Sardar Azmoun,109.6,34.7,0.07202582,False,False
Wales,Gareth Frank Bale,88.9,36.5,0.02170084,False,True
Wales,Harry Wilson,105.5,25.4,0.030164797,False,False
Iran,Mehdi Taremi,105.7,38.8,0.08566745,False,False
Iran,Ahmad Nourollahi,86.4,48.2,0.011584845,False,True
Iran,Sardar Azmoun,110.0,49.7,0.28799564,False,False
Iran,Ali Gholizadeh,97.2,48.0,0.04282673,False,False
Iran,Sardar Azmoun,111.0,36.2,0.21401532,False,True
Wales,Kieffer Roberto Francisco Moore,114.4,39.9,0.22100283,False,False
Iran,Ehsan Hajsafi,104.6,33.1,0.068153165,False,False
Iran,Mehdi Taremi,107.1,29.4,0.075855605,False,False
Iran,Ahmad Nourollahi,90.5,45.6,0.015279148,False,False
Iran,Morteza Pouraliganji,100.8,38.5,0.05160931,False,False
Iran,Saeid Ezatolahi Afagh,99.5,49.3,0.047915842,False,True
Iran,Ahmad Nourollahi,85.8,53.5,0.0072957636,False,False
Wales,Aaron Ramsey,104.0,53.9,0.025361432,False,False
Wales,Neco Williams,98.6,51.1,0.031851415,False,False
Wales,Ben Davies,101.7,30.8,0.053537875,False,True
Iran,Karim Ansarifard,99.5,36.2,0.06399969,False,False
Iran,Mehdi Torabi,99.1,39.0,0.051057886,False,False
Wales,Neco Williams,89.9,45.0,0.020104993,False,False
Wales,Brennan Johnson,114.4,52.4,0.059788406,False,False
Iran,Ramin Rezaeian,98.3,52.1,0.031046849,False,False
Iran,Alireza Jahanbakhsh,99.2,46.5,0.031239294,False,False
Iran,Alireza Jahanbakhsh,91.4,24.9,0.011336825,False,False
Iran,Roozbeh Cheshmi,95.1,37.5,0.03268815,True,True
Iran,Ramin Rezaeian,104.8,45.3,0.19933115,True,True
France,Kingsley Coman,112.3,29.9,0.08786314,False,False
Tunisia,Anis Ben Slimane,110.9,41.0,0.1007914,False,True
Tunisia,Wahbi Khazri,95.1,52.3,0.016592033,False,True
France,Youssouf Fofana,99.9,53.4,0.041162748,False,False
Tunisia,Wahbi Khazri,97.9,19.8,0.010898009,False,False
Tunisia,Aïssa Bilal Laïdouni,114.8,22.4,0.013856714,False,False
Tunisia,Wahbi Khazri,103.3,37.8,0.15620883,True,True
France,Axel Disasi,111.3,41.5,0.061025612,False,False
France,Adrien Rabiot,113.8,47.7,0.080746524,False,False
France,Ousmane Dembélé,95.9,53.5,0.020325886,False,True
France,Adrien Rabiot,108.7,29.1,0.06369618,False,False
France,Kylian Mbappé Lottin,116.8,24.7,0.01194291,False,True
France,Randal Kolo Muani,96.4,37.1,0.041042205,False,False
France,Kylian Mbappé Lottin,95.6,30.2,0.06416701,False,False
France,Kylian Mbappé Lottin,87.6,15.0,0.005017159,False,True
England,Marcus Rashford,104.0,39.5,0.28441095,False,True
England,Phil Foden,97.4,54.6,0.02354375,False,False
England,Harry Maguire,120.0,54.6,0.01084097,False,False
England,Marcus Rashford,98.2,19.5,0.010357286,False,False
England,Phil Foden,105.5,47.4,0.05725451,False,False
Wales,Joe Allen,94.1,47.0,0.022615774,False,False
England,Marcus Rashford,108.4,35.0,0.081256144,False,False
England,Harry Kane,101.5,35.7,0.028181294,False,False
England,Harry Kane,101.2,27.6,0.030065771,False,False
England,John Stones,112.8,55.4,0.006450981,False,True
Wales,Joe Allen,100.7,51.3,0.04109325,False,False
England,Marcus Rashford,96.1,29.3,0.05780817,True,True
England,Phil Foden,114.5,34.1,0.44030064,True,True
Wales,Kieffer Roberto Francisco Moore,90.1,22.3,0.00753591,False,True
England,Marcus Rashford,109.9,50.3,0.096602984,True,True
England,Marcus Rashford,110.3,52.4,0.13184288,False,True
Wales,Brennan Johnson,104.5,57.3,0.02192258,False,False
England,Jude Bellingham,104.3,32.8,0.25030845,False,True
England,Jude Bellingham,112.7,29.3,0.24362406,False,False
England,Phil Foden,116.1,39.5,0.6100251,False,False
Wales,Harry Wilson,92.6,52.6,0.031328887,False,False
Wales,Rubin Colwill,98.3,26.1,0.025066664,False,False
Wales,Kieffer Roberto Francisco Moore,102.1,34.6,0.058446433,False,False
England,John Stones,114.4,43.9,0.45507616,False,False
England,Phil Foden,111.0,48.5,0.09753507,False,False
Cameroon,Bryan Mbeumo,109.4,22.7,0.016072592,False,True
Cameroon,Karl Brillant Toko Ekambi,108.7,32.1,0.15900026,False,False
Switzerland,Granit Xhaka,88.1,28.2,0.012105021,False,False
Cameroon,Ngoran Suiru Fai Collins,98.8,59.8,0.009452554,False,False
Cameroon,Martin Hongla Yma II,110.6,53.8,0.08237888,False,True
Switzerland,Nico Elvedi,113.3,38.7,0.19001445,False,False
Cameroon,Jean-Eric Maxim Choupo-Moting,105.2,53.5,0.041722767,False,False
Switzerland,Manuel Obafemi Akanji,114.7,38.7,0.15555824,False,False
Switzerland,Breel-Donald Embolo,111.9,39.5,0.55189455,True,True
Cameroon,Nicolas Alexis Julio N'Koulou Ndoubena,116.1,35.1,0.24569963,False,True
Cameroon,Jean-Eric Maxim Choupo-Moting,119.2,47.9,0.0123953605,False,True
Cameroon,André-Frank Zambo Anguissa,107.5,44.3,0.046351306,False,True
Switzerland,Ruben Vargas,107.5,41.8,0.1977995,False,True
Switzerland,Granit Xhaka,96.2,37.3,0.048882935,False,True
Switzerland,Haris Seferović,108.0,45.8,0.27028984,False,False
Portugal,Otávio Edmilson da Silva Monteiro,96.6,34.3,0.02513017,False,False
Portugal,Rúben Diogo Da Silva Neves,98.1,36.6,0.07171052,False,False
Portugal,Cristiano Ronaldo dos Santos Aveiro,107.7,39.2,0.4577736,False,True
Portugal,Cristiano Ronaldo dos Santos Aveiro,116.3,43.7,0.2074416,False,False
Portugal,João Félix Sequeira,104.2,35.6,0.07848694,False,False
Portugal,Otávio Edmilson da Silva Monteiro,99.9,32.5,0.045895047,False,True
Portugal,Cristiano Ronaldo dos Santos Aveiro,110.0,25.1,0.030432492,False,False
Ghana,Alidu Seidu,88.8,44.2,0.015372672,False,False
Ghana,Mohammed Kudus,92.9,31.0,0.030134441,False,False
Portugal,Cristiano Ronaldo dos Santos Aveiro,108.1,40.1,0.7835,True,True
Ghana,Iñaki Williams Arthuer,91.1,47.3,0.020453067,False,False
Ghana,Thomas Teye Partey,92.4,52.5,0.021057075,False,False
Ghana,Mohammed Kudus,90.8,34.5,0.02159481,False,True
Ghana,André Ayew Pelé,115.6,39.8,0.48524466,True,True
Portugal,João Félix Sequeira,107.5,52.6,0.21504128,True,True
Portugal,Rafael Alexandre Conceição Leão,111.7,28.3,0.15539157,True,True
Ghana,Osman Bukari,113.5,40.2,0.15547352,True,True
Ghana,Mohamed Salisu,106.9,30.6,0.02431712,False,False
Portugal,Rafael Alexandre Conceição Leão,95.5,29.9,0.026070174,False,False
Ghana,Osman Bukari,103.3,12.6,0.0063759447,False,False
Senegal,Boulaye Dia,107.0,27.1,0.034865376,False,False
Netherlands,Vincent Janssen,103.2,34.3,0.12169348,False,False
Senegal,Ismaïla Sarr,97.5,44.1,0.059537582,False,False
Netherlands,Daley Blind,112.8,32.9,0.04866169,False,False
Netherlands,Vincent Janssen,98.3,44.3,0.03382374,False,False
Senegal,Ismaïla Sarr,102.7,25.9,0.034923773,False,False
Netherlands,Virgil van Dijk,109.4,38.0,0.045367446,False,False
Senegal,Idrissa Gana Gueye,100.9,48.4,0.025139945,False,False
Senegal,Krépin Diatta,100.0,56.6,0.03131155,False,False
Senegal,Youssouf Sabaly,84.7,54.0,0.0068181115,False,True
Netherlands,Steven Berghuis,97.2,47.3,0.030127633,False,False
Netherlands,Virgil van Dijk,111.1,40.2,0.06871433,False,False
Senegal,Youssouf Sabaly,96.9,57.9,0.011074076,False,False
Senegal,Krépin Diatta,115.2,50.5,0.058196757,False,False
Netherlands,Steven Berghuis,95.3,32.8,0.038496487,False,False
Senegal,Boulaye Dia,107.6,56.5,0.04221427,False,True
Senegal,Idrissa Gana Gueye,103.3,40.4,0.06520781,False,True
Senegal,Cheikh Ahmadou Bamba Mbacke Dieng,104.3,31.7,0.07416881,False,False
Senegal,Ismaïla Sarr,111.3,40.6,0.06430619,False,False
Netherlands,Cody Mathès Gakpo,112.3,39.0,0.28603274,True,True
Senegal,Pape Gueye,93.8,56.8,0.008650101,False,True
Senegal,Ismail Jakobs,91.0,27.5,0.014392905,False,False
Senegal,Cheikh Ahmadou Bamba Mbacke Dieng,112.8,35.7,0.16068545,False,False
Netherlands,Memphis Depay,101.2,50.1,0.102816984,False,True
Netherlands,Davy Klaassen,109.5,34.8,0.34814927,True,True
United States,Joshua Sargent,116.0,35.3,0.25332773,False,False
Wales,Ethan Ampadu,87.6,43.1,0.013776194,False,False
United States,Sergino Dest,90.9,56.6,0.0066337776,False,False
United States,Timothy Weah,107.7,37.8,0.20100605,True,True
Wales,Ben Davies,114.7,37.5,0.14399761,False,False
Wales,Kieffer Roberto Francisco Moore,93.4,42.2,0.032130886,False,False
Wales,Ben Davies,109.2,38.3,0.18666926,False,True
Wales,Kieffer Roberto Francisco Moore,116.3,43.4,0.19270518,False,False
United States,Haji Wright,106.6,46.9,0.027433796,False,False
United States,Brenden Aaronson,116.3,46.7,0.09428854,False,False
Wales,Gareth Frank Bale,108.0,40.0,0.7835,True,True
Wales,Brennan Johnson,109.9,56.2,0.042556882,False,True
United States,Tyler Adams,92.8,35.5,0.019808901,False,False
Saudi Arabia,Mohammed Al Burayk,91.6,24.8,0.012477021,False,False
Saudi Arabia,Mohammed Kanoo,105.5,54.5,0.03839731,False,True
Poland,Krystian Bielik,111.7,39.3,0.075333446,False,False
Saudi Arabia,Saleh Khalid Al Shehri,108.5,45.0,0.044610713,False,False
Poland,Piotr Zieliński,111.9,44.7,0.23496674,True,True
Poland,Robert Lewandowski,112.9,58.5,0.009729679,False,False
Saudi Arabia,Salem Mohammed Al Dawsari,108.1,40.1,0.7835,False,True
Saudi Arabia,Mohammed Al Burayk,112.7,32.9,0.35719204,False,True
Saudi Arabia,Saud Abdullah Abdul Hamid,85.9,24.5,0.005913877,False,False
Saudi Arabia,Mohammed Kanoo,104.2,39.3,0.03705331,False,False
Saudi Arabia,Salem Mohammed Al Dawsari,97.6,21.6,0.010959039,False,False
Saudi Arabia,Salem Mohammed Al Dawsari,114.6,36.1,0.16438472,False,True
Saudi Arabia,Abdulelah Saad Hameed Al-Malki,97.0,40.0,0.0391187,False,False
Saudi Arabia,Firas Tariq Nasser Al Albirakan,112.9,27.5,0.11089649,False,False
Saudi Arabia,Mohammed Kanoo,107.3,49.4,0.07597345,False,False
Poland,Arkadiusz Milik,111.0,38.8,0.13519733,False,False
Poland,Robert Lewandowski,115.1,44.4,0.25903136,False,False
Saudi Arabia,Nawaf Shaker Al Abid,95.1,46.7,0.0660456,False,False
Saudi Arabia,Salem Mohammed Al Dawsari,96.0,34.2,0.03677261,False,True
Poland,Robert Lewandowski,107.3,49.0,0.09536816,False,False
Saudi Arabia,Abdulelah Saad Hameed Al-Malki,103.2,34.7,0.10027991,False,False
Poland,Krzysztof Piątek,107.4,41.4,0.02819521,False,False
Poland,Robert Lewandowski,107.2,44.6,0.47824246,True,True
Saudi Arabia,Abdulrahman Al-Obood,118.0,48.2,0.041744728,False,False
Poland,Robert Lewandowski,109.9,48.1,0.4181081,False,True
Saudi Arabia,Mohammed Kanoo,95.3,32.9,0.046656966,False,False
Netherlands,Memphis Depay,114.9,52.7,0.04113277,False,False
Qatar,Hassan Khalid Al Heidos,89.6,52.0,0.015712837,False,True
Netherlands,Daley Blind,114.1,29.0,0.10723932,False,True
Netherlands,Daley Blind,115.2,28.6,0.042171385,False,False
Netherlands,Cody Mathès Gakpo,93.2,29.5,0.023612352,False,False
Netherlands,Frenkie de Jong,96.9,32.3,0.032602046,False,False
Netherlands,Memphis Depay,107.4,31.3,0.14338174,False,False
Netherlands,Davy Klaassen,113.0,44.5,0.08364612,False,False
Qatar,Abdelkarim Hassan Al Haj Fadlalla,109.2,45.5,0.067132466,False,False
Netherlands,Memphis Depay,113.6,30.5,0.0753362,False,False
Netherlands,Cody Mathès Gakpo,103.3,39.8,0.14035599,True,True
Qatar,Ismaeel Mohammad Mohammad,93.9,39.3,0.03016361,False,True
Netherlands,Memphis Depay,93.6,49.7,0.029451067,False,False
Netherlands,Memphis Depay,116.4,34.2,0.2959347,False,True
Netherlands,Frenkie de Jong,117.6,40.3,0.6883914,True,True
Qatar,Abdulaziz Hatem Mohammed Abdullah,94.7,53.1,0.024495702,False,True
Qatar,Pedro Miguel Correia,88.8,53.2,0.00621196,False,False
Netherlands,Steven Berghuis,102.2,59.1,0.010698183,False,False
France,Ousmane Dembélé,97.8,38.0,0.04759094,False,False
France,Adrien Rabiot,115.0,45.6,0.10936305,False,False
France,Raphaël Varane,112.4,46.9,0.0425816,False,False
France,Olivier Giroud,111.9,38.9,0.11903284,False,False
France,Adrien Rabiot,108.9,44.3,0.04225832,False,True
France,Jules Koundé,109.0,56.2,0.02881258,False,False
France,Antoine Griezmann,118.2,23.1,0.010852635,False,True
France,Aurélien Djani Tchouaméni,99.7,39.1,0.054124165,False,False
France,Ousmane Dembélé,108.2,48.0,0.046849832,False,False
France,Adrien Rabiot,100.1,24.5,0.02230111,False,False
Denmark,Andreas Evald Cornelius,107.4,55.8,0.048269883,False,False
France,Olivier Giroud,108.6,45.2,0.045027424,False,False
France,Kylian Mbappé Lottin,106.0,43.8,0.18605462,False,False
Denmark,Christian Dannemann Eriksen,83.0,42.5,0.006951803,False,False
France,Kylian Mbappé Lottin,98.6,18.5,0.011081066,False,False
France,Kylian Mbappé Lottin,104.1,30.1,0.03630777,False,True
France,Antoine Griezmann,102.6,38.8,0.21733604,False,False
France,Kylian Mbappé Lottin,110.8,31.3,0.08505598,True,True
Denmark,Joachim Andersen,112.2,43.9,0.082872435,False,False
Denmark,Andreas Christensen,113.0,37.6,0.25384808,True,True
Denmark,Jesper Lindstrøm,107.4,33.0,0.18929456,False,True
Denmark,Christian Dannemann Eriksen,93.3,45.1,0.0264413,False,False
France,Aurélien Djani Tchouaméni,113.7,37.7,0.22405402,False,False
France,Jules Koundé,110.7,40.7,0.106879756,False,False
France,Adrien Rabiot,112.7,47.3,0.080693014,False,False
Denmark,Martin Braithwaite Christensen,110.0,45.1,0.23786028,False,False
Denmark,Pierre-Emile Højbjerg,87.2,48.7,0.015153575,False,False
France,Kylian Mbappé Lottin,117.8,36.5,0.38353118,True,True
Denmark,Joachim Andersen,94.3,53.4,0.014218964,False,False
France,Kylian Mbappé Lottin,99.4,25.5,0.033781487,False,True
Denmark,Joakim Mæhle,87.5,42.4,0.013632962,False,False
Germany,Joshua Kimmich,93.0,31.2,0.022911863,False,False
Germany,Antonio Rüdiger,110.5,50.6,0.026021937,False,False
Germany,Joshua Kimmich,96.9,39.6,0.05193508,False,True
Germany,İlkay Gündoğan,99.7,29.6,0.042519,False,False
Germany,İlkay Gündoğan,94.4,42.8,0.041637745,False,True
Germany,İlkay Gündoğan,105.3,36.8,0.12241382,False,False
Germany,İlkay Gündoğan,108.0,40.0,0.7835,True,True
Germany,Serge Gnabry,93.1,48.2,0.028658802,False,False
Germany,Jamal Musiala,108.5,28.3,0.03933018,False,False
Germany,İlkay Gündoğan,93.3,39.0,0.031919174,False,True
Germany,Joshua Kimmich,97.0,42.2,0.05113006,False,False
Germany,Jamal Musiala,101.9,45.1,0.06614002,False,False
Germany,Joshua Kimmich,100.3,40.5,0.047906045,False,True
Germany,Serge Gnabry,114.3,29.9,0.21508263,False,False
Japan,Daizen Maeda,111.0,34.3,0.07710243,False,False
Germany,Serge Gnabry,108.3,57.9,0.013327111,False,False
Japan,Daichi Kamada,103.3,47.4,0.06444196,False,False
Germany,Jamal Musiala,107.2,41.0,0.15860753,False,False
Japan,Takuma Asano,114.7,49.4,0.06737846,False,False
Germany,İlkay Gündoğan,103.0,40.0,0.10696415,False,False
Japan,Takuma Asano,106.4,25.8,0.06586899,False,False
Japan,Takuma Asano,106.9,26.5,0.029970925,False,False
Japan,Ko Itakura,112.6,51.3,0.034016185,False,False
Japan,Takuma Asano,112.5,51.1,0.0360808,False,False
Germany,Jonas Hofmann,111.1,48.5,0.32657883,False,True
Germany,Serge Gnabry,103.3,57.9,0.02483029,False,True
Germany,Serge Gnabry,112.2,43.5,0.11167552,False,True
Germany,Serge Gnabry,117.7,49.5,0.0550312,False,True
Japan,Junya Ito,109.2,36.3,0.06845111,False,True
Japan,Hiroki Sakai,113.4,46.3,0.28772855,False,False
Japan,Takumi Minamino,112.8,24.4,0.013784891,False,True
Japan,Ritsu Doan,112.1,41.5,0.4777511,True,True
Germany,Antonio Rüdiger,115.5,39.4,0.18550046,False,False
Japan,Takuma Asano,117.7,50.2,0.02668418,True,True
Germany,Niclas Füllkrug,106.9,41.0,0.031593546,False,False
Germany,Antonio Rüdiger,86.2,37.2,0.017847534,False,False
Germany,Leon Goretzka,100.3,40.9,0.088851534,False,False
Germany,Niklas Süle,116.5,31.6,0.07610536,False,False
Tunisia,Youssef Msakni,92.6,52.0,0.023819994,False,False
Tunisia,Issam Jebali,114.0,54.8,0.014059674,False,False
Tunisia,Mohamed Dräger,93.4,44.5,0.033114884,False,False
Tunisia,Youssef Msakni,114.7,29.6,0.04366076,False,False
Denmark,Kasper Dolberg,115.3,32.5,0.124032564,False,False
Denmark,Joachim Andersen,99.7,30.3,0.02765422,False,True
Denmark,Pierre-Emile Højbjerg,95.4,19.0,0.008709067,False,True
Tunisia,Yassine Meriah,111.4,49.3,0.046073906,False,False
Tunisia,Aïssa Bilal Laïdouni,115.0,52.2,0.06712157,False,False
Tunisia,Issam Jebali,112.0,44.9,0.4656446,False,True
Tunisia,Ellyes Joris Skhiri,99.8,40.9,0.059586592,False,False
Tunisia,Issam Jebali,112.1,47.5,0.11338296,False,False
Tunisia,Youssef Msakni,114.7,48.7,0.07208876,False,False
Tunisia,Mohamed Dräger,92.2,49.3,0.020917216,False,False
Tunisia,Ellyes Joris Skhiri,99.5,39.6,0.041405495,False,False
Tunisia,Dylan Daniel Mahmoud Bronn,103.9,36.4,0.059058707,False,False
Denmark,Kasper Dolberg,117.0,35.0,0.25651878,False,False
Denmark,Christian Dannemann Eriksen,99.2,36.8,0.08509644,False,True
Denmark,Andreas Christensen,117.4,37.0,0.27134958,False,False
Denmark,Andreas Evald Cornelius,118.2,43.9,0.5683119,False,False
Denmark,Mathias Jensen,102.5,24.2,0.02872357,False,False
Denmark,Andreas Evald Cornelius,114.4,36.8,0.14539434,False,True
Denmark,Joakim Mæhle,95.0,30.2,0.028684001,False,False
Denmark,Andreas Evald Cornelius,108.8,46.4,0.022084296,False,True
Poland,Robert Lewandowski,110.6,37.2,0.056964528,False,False
Mexico,Héctor Alfredo Moreno Herrera,114.5,42.4,0.1766503,False,False
Mexico,Ernesto Alexis Vega Rojas,113.2,34.6,0.098180205,False,False
Mexico,Ernesto Alexis Vega Rojas,108.5,23.7,0.025630916,False,False
Mexico,Jorge Eduardo Sánchez Ramos,110.1,60.7,0.0069717234,False,True
Mexico,Luis Gerardo Chávez Magallón,92.1,56.9,0.008207667,False,False
Mexico,Hirving Rodrigo Lozano Bahena,93.9,25.2,0.02413981,False,True
Poland,Robert Lewandowski,108.1,40.0,0.7835,False,True
Poland,Jakub Kamiński,113.4,48.8,0.10166888,False,False
Mexico,Ernesto Alexis Vega Rojas,107.9,29.9,0.0609232,False,False
Mexico,Henry Josué Martín Mex,106.7,35.1,0.06434309,False,True
Mexico,Ernesto Alexis Vega Rojas,102.7,60.6,0.009746956,False,False
Mexico,Ernesto Alexis Vega Rojas,93.0,24.5,0.014301864,False,False
Poland,Jakub Piotr Kiwior,113.3,41.7,0.12449861,False,False
Poland,Jakub Kamiński,109.4,24.8,0.04959144,False,True
Poland,Grzegorz Krychowiak,90.9,48.7,0.02170277,False,False
Mexico,Carlos Uriel Antuna Romero,101.9,56.4,0.0400392,False,True
Senegal,Ismaïla Sarr,113.5,52.4,0.07323868,False,False
Senegal,Nampalys Mendy,93.8,39.3,0.025409508,False,False
Qatar,Akram Hassan Afif,92.5,41.5,0.019990891,False,False
Senegal,Krépin Diatta,111.2,26.7,0.039485876,False,True
Senegal,Famara Diedhiou,112.9,38.6,0.14633009,False,False
Senegal,Idrissa Gana Gueye,95.4,52.7,0.029332913,False,False
Qatar,Abdelkarim Hassan Al Haj Fadlalla,93.6,20.3,0.009041326,False,False
Senegal,Boulaye Dia,107.2,33.3,0.23054633,True,True
Senegal,Famara Diedhiou,112.5,48.1,0.038498666,True,True
Qatar,Abdelkarim Hassan Al Haj Fadlalla,111.6,39.3,0.16305494,False,False
Senegal,Ismaïla Sarr,112.1,27.2,0.030363984,False,False
Senegal,Famara Diedhiou,108.8,48.6,0.05329144,False,False
Qatar,Abdelkarim Hassan Al Haj Fadlalla,89.5,22.9,0.006098259,False,False
Qatar,Almoez Ali Zainalabiddin Abdulla,102.6,34.4,0.21404111,False,True
Qatar,Ismaeel Mohammad Mohammad,113.2,40.5,0.3277431,False,True
Senegal,Nampalys Mendy,107.3,53.4,0.067961,False,False
Qatar,Mohammed Muntari,110.1,38.7,0.072239615,True,True
Senegal,Boulaye Dia,107.1,38.8,0.052429575,False,False
Senegal,Cheikh Ahmadou Bamba Mbacke Dieng,107.8,45.3,0.11607656,True,True
Qatar,Abdelkarim Hassan Al Haj Fadlalla,95.4,52.1,0.023370314,False,False
Qatar,Mohammed Muntari,110.5,39.5,0.06740542,False,False
Qatar,Almoez Ali Zainalabiddin Abdulla,97.1,41.8,0.057101198,False,False
Belgium,Michy Batshuayi Tunga,91.7,31.8,0.017552001,False,True
Canada,Stephen Antunes Eustáquio,109.8,50.0,0.0798905,False,False
Canada,Jonathan David,111.4,42.8,0.12589528,False,False
Canada,Tajon Buchanan,106.2,35.6,0.05664073,False,False
Canada,Alphonso Davies,108.1,40.1,0.7835,False,True
Canada,Jonathan David,110.4,34.6,0.20472932,False,False
Canada,Richie Laryea,105.0,56.4,0.033730526,False,False
Canada,Jonathan David,107.7,45.9,0.08619453,False,False
Canada,David Junior Hoilett,104.9,53.9,0.04071268,False,False
Belgium,Michy Batshuayi Tunga,112.3,50.2,0.04664896,False,False
Canada,Atiba Hutchinson,98.1,44.7,0.04634635,False,False
Canada,Alistair Johnston,108.1,56.3,0.033541974,False,True
Canada,Jonathan David,104.4,37.5,0.08845105,False,False
Canada,Jonathan David,111.1,34.1,0.088843234,False,False
Belgium,Michy Batshuayi Tunga,111.8,51.3,0.08121458,False,False
Belgium,Michy Batshuayi Tunga,109.0,36.1,0.24992359,True,True
Canada,Tajon Buchanan,112.6,42.5,0.29588586,False,False
Canada,Stephen Antunes Eustáquio,100.5,38.5,0.048581414,False,False
Canada,Jonathan David,111.7,36.9,0.120068476,False,False
Canada,Stephen Antunes Eustáquio,97.8,52.7,0.03604073,False,False
Canada,Tajon Buchanan,98.3,34.5,0.0587075,False,False
Canada,Richie Laryea,101.7,54.6,0.022910038,False,False
Belgium,Michy Batshuayi Tunga,103.9,43.0,0.0897183,False,False
Canada,Jonathan David,103.1,38.1,0.04574546,False,False
Canada,Cyle Larin,108.2,44.1,0.07200206,False,True
Belgium,Leander Dendoncker,112.5,43.5,0.08894938,False,False
Belgium,Kevin De Bruyne,96.6,39.5,0.061057936,False,False
Canada,Cyle Larin,111.7,37.5,0.111036494,False,False
Belgium,Thomas Meunier,98.0,55.5,0.025805552,False,False
Belgium,Kevin De Bruyne,114.3,59.2,0.009170555,False,True
Canada,Cyle Larin,111.1,36.1,0.06675813,False,False
Switzerland,Silvan Widmer,114.9,30.0,0.05117428,False,False
Brazil,Vinícius José Paixão de Oliveira Júnior,112.1,34.0,0.21638125,False,True
Brazil,Carlos Henrique Casimiro,94.3,39.7,0.023129713,False,False
Brazil,Raphael Dias Belloli,90.1,46.2,0.02201561,False,True
Brazil,Richarlison de Andrade,104.2,41.2,0.022230485,False,False
Brazil,Éder Gabriel Militão,93.2,45.0,0.02857021,False,False
Brazil,Thiago Emiliano da Silva,115.0,43.5,0.14148508,False,False
Switzerland,Djibril Sow,112.6,48.8,0.087867536,False,False
Switzerland,Ruben Vargas,104.3,26.2,0.029704679,False,False
Switzerland,Manuel Obafemi Akanji,103.5,43.9,0.028123023,False,False
Switzerland,Djibril Sow,99.4,37.0,0.0625126,False,False
Switzerland,Edimilson Fernandes,97.4,42.8,0.029247057,False,False
Brazil,Marcos Aoás Corrêa,110.6,37.4,0.07814184,False,False
Brazil,Richarlison de Andrade,107.0,26.5,0.038312852,False,False
Brazil,Bruno Guimarães Rodriguez Moura,102.2,47.4,0.021188514,False,True
Brazil,Carlos Henrique Casimiro,106.3,29.4,0.068805926,True,True
Brazil,Rodrygo Silva de Goes,109.7,25.4,0.04824855,False,True
Brazil,Antony Matheus dos Santos,102.1,56.6,0.020722246,False,False
Brazil,Rodrygo Silva de Goes,105.8,41.8,0.19349767,False,False
Argentina,Rodrigo Javier De Paul,101.6,53.3,0.02377054,False,False
Argentina,Lionel Andrés Messi Cuccittini,96.6,50.3,0.037832856,False,False
Netherlands,Steven Bergwijn,101.6,32.9,0.089517,False,False
Argentina,Rodrigo Javier De Paul,97.6,42.3,0.049762752,False,True
Argentina,Nahuel Molina Lucero,109.1,42.4,0.43442267,True,True
Argentina,Lionel Andrés Messi Cuccittini,104.0,32.2,0.03387043,False,True
Argentina,Lionel Andrés Messi Cuccittini,96.0,33.3,0.07608311,False,False
Argentina,Lionel Andrés Messi Cuccittini,108.0,40.0,0.7835,True,True
Netherlands,Wout Weghorst,108.7,46.4,0.047416847,True,True
Netherlands,Steven Berghuis,104.6,53.3,0.032538008,False,False
Netherlands,Denzel Dumfries,113.5,52.9,0.047394842,False,False
Netherlands,Steven Berghuis,97.2,37.9,0.08017064,False,False
Netherlands,Wout Weghorst,111.8,39.9,0.21959315,True,True
Argentina,Lionel Andrés Messi Cuccittini,101.1,53.3,0.035418287,False,False
Netherlands,Luuk de Jong,110.9,28.4,0.05290734,False,False
Argentina,Lautaro Javier Martínez,109.5,45.9,0.2245604,False,False
Argentina,Enzo Fernandez,94.2,43.8,0.032085553,False,False
Argentina,Germán Alejandro Pezzella,112.5,31.3,0.04452438,False,False
Argentina,Lautaro Javier Martínez,97.6,38.6,0.08241133,False,True
Argentina,Lionel Andrés Messi Cuccittini,96.6,41.6,0.04201436,False,False
Argentina,Enzo Fernandez,97.2,49.3,0.038940463,False,False
Netherlands,Virgil van Dijk,108.1,40.1,0.7835,False,True
Argentina,Lionel Andrés Messi Cuccittini,108.1,40.1,0.7835,True,True
Netherlands,Steven Berghuis,108.1,40.1,0.7835,False,True
Argentina,Leandro Daniel Paredes,108.1,40.1,0.7835,True,True
Netherlands,Teun Koopmeiners,108.1,40.1,0.7835,True,True
Argentina,Gonzalo Ariel Montiel,108.1,40.1,0.7835,True,True
Netherlands,Wout Weghorst,108.1,40.1,0.7835,True,True
Argentina,Enzo Fernandez,108.1,40.1,0.7835,False,False
Netherlands,Luuk de Jong,108.1,40.1,0.7835,True,True
Argentina,Lautaro Javier Martínez,108.1,40.1,0.7835,True,True
Germany,Jamal Musiala,99.6,29.7,0.06331741,False,True
Germany,Leon Goretzka,109.5,48.0,0.15352516,False,False
Germany,Thomas Müller,108.2,42.4,0.14610097,False,False
Germany,Serge Gnabry,111.9,33.1,0.0895267,True,True
Germany,Leon Goretzka,113.1,35.8,0.18187125,False,True
Germany,Thomas Müller,111.6,41.1,0.069567084,False,False
Germany,Serge Gnabry,105.2,30.9,0.044056788,False,False
Germany,Joshua Kimmich,92.4,55.8,0.011488004,False,True
Germany,Jamal Musiala,105.7,33.6,0.16202919,False,False
Germany,Serge Gnabry,106.4,28.9,0.06251996,False,False
Costa Rica,Keysher Fuller Spence,107.3,51.1,0.14103858,False,True
Germany,Leroy Sané,98.5,47.8,0.080942705,False,False
Germany,Leroy Sané,99.5,44.5,0.078109905,False,False
Costa Rica,Keysher Fuller Spence,108.9,54.5,0.050267275,False,False
Costa Rica,Yeltsin Ignacio Tejeda Valverde,97.2,48.9,0.042256437,False,True
Germany,Serge Gnabry,100.7,26.9,0.029866349,False,False
Germany,Leroy Sané,91.0,39.6,0.02438984,False,False
Costa Rica,Kendall Jamaal Waston Manley,108.9,45.4,0.099276,False,True
Costa Rica,Yeltsin Ignacio Tejeda Valverde,114.3,38.1,0.4798206,True,True
Germany,Jamal Musiala,111.2,28.5,0.082946144,False,False
Germany,Jamal Musiala,117.3,31.5,0.1066145,False,False
Germany,Thomas Müller,106.3,47.2,0.05438086,False,False
Germany,Antonio Rüdiger,114.5,44.2,0.41498688,False,False
Germany,Jamal Musiala,100.6,27.6,0.037713535,False,False
Germany,Kai Havertz,107.3,35.1,0.110909514,False,False
Costa Rica,Juan Pablo Vargas Campos,116.1,43.1,0.18427365,False,True
Germany,Kai Havertz,109.3,42.6,0.4749194,True,True
Germany,Kai Havertz,102.8,36.0,0.14038351,False,False
Germany,Niclas Füllkrug,115.2,44.6,0.36338806,False,True
Costa Rica,Jewison Bennette,94.4,46.4,0.037811525,False,False
Germany,Jamal Musiala,104.6,30.8,0.060394496,False,False
Germany,Kai Havertz,113.1,37.6,0.31018513,True,True
Germany,Kai Havertz,110.4,27.0,0.11890341,False,True
Germany,Mario Götze,107.0,43.6,0.066507556,False,True
Germany,Niclas Füllkrug,114.8,42.5,0.510154,True,True
Germany,Niclas Füllkrug,101.1,39.1,0.046867393,False,False
Germany,Niclas Füllkrug,117.9,32.7,0.13407986,False,False
Germany,Jamal Musiala,107.5,40.3,0.085460834,False,True
Japan,Ritsu Doan,91.7,53.8,0.015573137,False,False
Costa Rica,Gerson Torres Barrantes,90.1,47.7,0.01353695,False,False
Costa Rica,Francisco Javier Calvo Quesada,91.0,26.8,0.014244432,False,False
Costa Rica,Joel Nathaniel Campbell Samuels,101.0,29.1,0.051288527,False,False
Japan,Wataru Endo,100.1,51.7,0.03132781,False,False
Japan,Hidemasa Morita,101.4,30.9,0.09737273,False,True
Japan,Takuma Asano,104.1,50.2,0.051375452,False,False
Japan,Wataru Endo,95.2,41.1,0.042255066,False,False
Japan,Takuma Asano,107.6,37.5,0.08747226,False,True
Japan,Ko Itakura,105.0,40.0,0.07774679,False,False
Japan,Wataru Endo,103.1,34.1,0.04122181,False,False
Japan,Yuki Soma,105.4,22.1,0.022210024,False,False
Japan,Yuki Soma,98.1,35.7,0.08557594,False,False
Japan,Daichi Kamada,101.2,43.2,0.10029054,False,False
Japan,Yuki Soma,95.7,44.3,0.027111016,False,False
Costa Rica,Keysher Fuller Spence,102.6,47.5,0.120298475,True,True
Japan,Daichi Kamada,108.0,37.6,0.09400092,False,True
Argentina,Alexis Mac Allister,92.4,30.0,0.024542088,False,True
Argentina,Rodrigo Javier De Paul,99.2,47.9,0.062813334,False,False
Argentina,Ángel Fabián Di María Hernández,103.1,34.6,0.106800534,False,False
Argentina,Lionel Andrés Messi Cuccittini,108.0,40.0,0.7835,True,True
Argentina,Alexis Mac Allister,94.3,23.5,0.010577817,False,False
Argentina,Ángel Fabián Di María Hernández,111.8,32.1,0.30340916,True,True
Argentina,Rodrigo Javier De Paul,103.3,52.3,0.040216275,False,True
Argentina,Julián Álvarez,110.5,24.9,0.05953379,False,True
Argentina,Lionel Andrés Messi Cuccittini,109.7,46.0,0.11555985,False,False
France,Randal Kolo Muani,113.4,34.6,0.09618377,False,False
France,Kylian Mbappé Lottin,102.5,27.9,0.050644457,False,False
Argentina,Enzo Fernandez,98.9,32.2,0.041589838,False,True
France,Kylian Mbappé Lottin,108.0,40.0,0.7835,True,True
France,Kylian Mbappé Lottin,104.8,30.1,0.1017027,True,True
Argentina,Enzo Fernandez,92.2,35.9,0.030159522,False,False
France,Kylian Mbappé Lottin,95.9,32.2,0.0324491,False,False
France,Adrien Rabiot,108.9,28.5,0.09333491,False,True
Argentina,Lionel Andrés Messi Cuccittini,96.2,40.9,0.0430315,False,True
Argentina,Alexis Mac Allister,98.2,23.8,0.019259434,False,False
France,Youssouf Fofana,89.8,39.9,0.023031652,False,False
Argentina,Lautaro Javier Martínez,108.8,45.3,0.23260574,False,False
Argentina,Gonzalo Ariel Montiel,96.3,49.4,0.020604363,False,False
Argentina,Lautaro Javier Martínez,105.1,33.5,0.14029205,False,False
Argentina,Lionel Andrés Messi Cuccittini,103.6,55.8,0.024784861,False,True
Argentina,Lautaro Javier Martínez,114.4,52.0,0.10407211,False,True
Argentina,Lionel Andrés Messi Cuccittini,116.6,43.0,0.48840353,True,True
France,Kylian Mbappé Lottin,101.4,26.6,0.03075741,False,False
France,Kylian Mbappé Lottin,108.0,40.0,0.7835,True,True
France,Randal Kolo Muani,103.7,45.1,0.27751395,False,True
Argentina,Lautaro Javier Martínez,110.8,41.6,0.10655013,False,False
France,Kylian Mbappé Lottin,108.1,40.1,0.7835,True,True
Argentina,Lionel Andrés Messi Cuccittini,108.1,40.1,0.7835,True,True
France,Kingsley Coman,108.1,40.1,0.7835,False,True
Argentina,Paulo Bruno Exequiel Dybala,108.1,40.1,0.7835,True,True
France,Aurélien Djani Tchouaméni,108.1,40.1,0.7835,False,False
Argentina,Leandro Daniel Paredes,108.1,40.1,0.7835,True,True
France,Randal Kolo Muani,108.1,40.1,0.7835,True,True
Argentina,Gonzalo Ariel Montiel,108.1,40.1,0.7835,True,True
Croatia,Joško Gvardiol,108.8,38.0,0.1243582,True,True
Morocco,Achraf Dari,115.6,39.0,0.4178385,True,True
Croatia,Mislav Oršić,99.5,23.8,0.02730659,False,False
Croatia,Josip Stanišić,94.4,41.3,0.040524755,False,False
Croatia,Mislav Oršić,104.9,38.8,0.11308218,False,False
Croatia,Andrej Kramarić,111.3,34.8,0.13429043,False,True
Croatia,Luka Modrić,101.2,49.5,0.07012748,False,True
Morocco,Sofiane Boufal,112.4,29.5,0.08611878,False,False
Morocco,Youssef En-Nesyri,117.8,48.9,0.04761149,False,False
Morocco,Hakim Ziyech,90.6,53.5,0.014617449,False,False
Croatia,Mislav Oršić,106.5,21.3,0.013095795,True,True
Croatia,Marko Livaja,90.5,39.5,0.02019975,False,False
Croatia,Mislav Oršić,100.8,24.2,0.028195048,False,False
Croatia,Mislav Oršić,87.5,26.6,0.0065055056,False,False
Morocco,Youssef En-Nesyri,110.6,40.5,0.072652236,False,False
Croatia,Nikola Vlašić,90.9,36.9,0.03597725,False,False
Morocco,Youssef En-Nesyri,115.5,48.3,0.16040824,False,True
Croatia,Mateo Kovačić,110.3,29.2,0.23560598,False,False
Morocco,Youssef En-Nesyri,110.9,36.5,0.057190012,False,False
Morocco,Hakim Ziyech,89.6,46.9,0.021768013,False,False
Morocco,Youssef En-Nesyri,113.6,43.4,0.1132524,False,False
Switzerland,Granit Xhaka,96.0,38.8,0.036565553,False,False
Switzerland,Breel-Donald Embolo,113.1,40.7,0.35328916,False,True
Switzerland,Granit Xhaka,103.8,41.9,0.06952749,False,True
Serbia,Nikola Milenković,112.2,36.8,0.08160872,False,False
Serbia,Andrija Živković,97.8,51.5,0.030001678,False,False
Serbia,Dušan Vlahović,115.4,38.6,0.5168786,False,True
Switzerland,Remo Freuler,107.8,35.9,0.09611784,False,False
Switzerland,Xherdan Shaqiri,107.5,50.6,0.06969889,True,True
Switzerland,Granit Xhaka,97.3,33.7,0.04476528,False,True
Serbia,Dušan Vlahović,109.6,35.4,0.08628477,False,True
Serbia,Aleksandar Mitrović,108.3,38.6,0.06371751,True,True
Switzerland,Xherdan Shaqiri,107.7,49.2,0.3934682,False,False
Serbia,Dušan Vlahović,106.2,31.8,0.15928414,True,True
Switzerland,Ruben Vargas,101.0,47.3,0.0683221,False,False
Switzerland,Breel-Donald Embolo,114.4,36.9,0.72697556,True,True
Serbia,Aleksandar Mitrović,101.7,33.7,0.056521177,False,False
Switzerland,Remo Freuler,107.2,41.2,0.15381548,True,True
Switzerland,Fabian Lukas Schär,110.7,30.5,0.07925899,False,False
Switzerland,Breel-Donald Embolo,116.1,39.3,0.6647709,False,False
Serbia,Dušan Tadić,107.4,31.7,0.061684445,False,False
Serbia,Aleksandar Mitrović,106.2,25.8,0.03203667,False,False
Serbia,Luka Jović,102.2,43.2,0.02594082,False,False
Switzerland,Manuel Obafemi Akanji,99.4,52.7,0.030122569,False,False
Switzerland,Christian Fassnacht,105.3,28.9,0.31681746,False,True
Serbia,Luka Jović,105.0,39.8,0.03223471,False,False
Serbia,Nemanja Radonjić,105.7,51.3,0.042810295,False,False
Argentina,Alejandro Darío Gómez,98.2,20.1,0.011147299,False,False
Australia,Harry Souttar,111.9,44.0,0.06809473,False,False
Argentina,Lionel Andrés Messi Cuccittini,104.2,48.9,0.06663833,True,True
Argentina,Lionel Andrés Messi Cuccittini,99.8,38.5,0.04517154,False,True
Argentina,Julián Álvarez,110.4,50.3,0.28060678,True,True
Argentina,Lionel Andrés Messi Cuccittini,95.4,33.6,0.032841697,False,False
Argentina,Nicolás Alejandro Tagliafico,103.2,24.9,0.05181273,False,False
Australia,Craig Goodwin,98.2,22.6,0.013616442,False,False
Australia,Aziz Eraltay Behich,110.6,33.2,0.07721693,False,False
Australia,Ajdin Hrustic,100.0,52.7,0.033247408,False,False
Argentina,Lautaro Javier Martínez,108.3,52.3,0.051439364,False,False
Argentina,Lautaro Javier Martínez,107.6,31.9,0.24890411,False,False
Argentina,Lautaro Javier Martínez,109.1,31.8,0.37209997,False,True
Argentina,Lionel Andrés Messi Cuccittini,104.6,52.2,0.055600196,False,False
Argentina,Exequiel Alejandro Palacios,103.6,50.1,0.046685893,False,False
Argentina,Lionel Andrés Messi Cuccittini,102.2,40.0,0.032042325,False,False
Argentina,Lautaro Javier Martínez,108.3,30.8,0.076142184,False,True
Argentina,Lionel Andrés Messi Cuccittini,106.4,37.0,0.110446885,False,False
Australia,Garang Kuol,113.1,49.4,0.23394231,False,True
Australia,Riley McGree,94.6,46.6,0.038979717,False,False
Denmark,Jesper Lindstrøm,110.1,43.9,0.09599891,False,False
Denmark,Mathias Jensen,112.7,56.3,0.019605601,False,True
Denmark,Andreas Skov Olsen,104.7,50.7,0.10059545,False,False
Australia,Riley McGree,101.3,59.0,0.010740947,False,True
Denmark,Andreas Skov Olsen,109.6,50.5,0.09373255,False,True
Denmark,Christian Dannemann Eriksen,102.9,25.6,0.035615563,False,False
Australia,Mitchell Thomas Duke,102.5,36.7,0.037495814,False,True
Australia,Mitchell Thomas Duke,98.3,20.9,0.010397313,False,True
Australia,Aziz Eraltay Behich,100.2,34.1,0.049681988,False,False
Australia,Jackson Irvine,109.6,30.8,0.17342122,False,False
Denmark,Andreas Skov Olsen,107.2,52.9,0.046983063,False,False
Australia,Mathew Leckie,105.7,31.5,0.11353828,True,True
Denmark,Andreas Skov Olsen,103.1,49.3,0.070518844,False,False
Denmark,Joachim Andersen,113.9,52.3,0.020115681,False,False
Denmark,Alexander Hartmann Bah,99.4,54.5,0.019515881,False,False
Denmark,Kasper Dolberg,105.2,39.6,0.049264465,False,True
Denmark,Jesper Lindstrøm,97.5,38.2,0.048889678,False,False
Australia,Keanu Baccus,97.7,47.5,0.035468098,False,False
Denmark,Alexander Hartmann Bah,108.6,57.0,0.03670106,False,False
Denmark,Kasper Dolberg,117.6,33.5,0.08217044,False,True
Denmark,Andreas Evald Cornelius,116.6,51.6,0.017447446,False,False
Brazil,Neymar da Silva Santos Junior,119.2,0.7,0.00018,False,True
Brazil,Neymar da Silva Santos Junior,91.6,29.2,0.020173745,False,False
Brazil,Carlos Henrique Casimiro,84.3,34.2,0.0075366697,False,True
Brazil,Raphael Dias Belloli,105.3,49.2,0.119197816,False,True
Serbia,Filip Mladenović,113.6,28.9,0.026318645,False,False
Brazil,Vinícius José Paixão de Oliveira Júnior,113.2,27.0,0.09814694,False,False
Brazil,Raphael Dias Belloli,105.9,47.3,0.4224228,False,True
Brazil,Neymar da Silva Santos Junior,99.1,27.0,0.06281959,False,False
Brazil,Thiago Emiliano da Silva,113.1,34.1,0.06673048,False,False
Brazil,Richarlison de Andrade,115.8,29.3,0.0399856,False,False
Brazil,Danilo Luiz da Silva,95.9,54.2,0.016877638,False,False
Brazil,Neymar da Silva Santos Junior,107.5,38.9,0.11246919,False,False
Brazil,Alex Sandro Lobo Silva,88.0,32.0,0.021819543,False,False
Brazil,Vinícius José Paixão de Oliveira Júnior,105.0,20.1,0.009459062,False,False
Brazil,Vinícius José Paixão de Oliveira Júnior,110.0,26.9,0.07986015,False,True
Brazil,Richarlison de Andrade,114.5,41.8,0.568145,True,True
Brazil,Vinícius José Paixão de Oliveira Júnior,109.1,28.2,0.14253756,False,False
Serbia,Strahinja Pavlović,111.8,38.5,0.098937765,False,False
Serbia,Darko Lazović,95.6,50.9,0.018288644,False,False
Brazil,Richarlison de Andrade,107.1,39.6,0.07569885,True,True
Brazil,Carlos Henrique Casimiro,86.3,31.2,0.010592449,False,False
Brazil,Carlos Henrique Casimiro,98.1,35.2,0.06218912,False,False
Brazil,Rodrygo Silva de Goes,98.8,27.3,0.03669105,False,True
Brazil,Frederico Rodrigues Santos,95.6,43.5,0.088970646,False,True
Serbia,Nikola Milenković,99.3,59.6,0.011090157,False,False
Brazil,Rodrygo Silva de Goes,101.5,30.6,0.051727816,False,False
Brazil,Antony Matheus dos Santos,99.4,59.1,0.009657804,False,False
Serbia,Nemanja Radonjić,93.8,21.5,0.008691933,False,False
Australia,Fran Karačić,90.9,41.2,0.015131147,False,False
Tunisia,Mohamed Dräger,92.0,42.5,0.029703999,False,False
Australia,Mitchell Thomas Duke,110.1,32.5,0.04459479,True,True
Australia,Mitchell Thomas Duke,110.7,34.3,0.03948435,False,False
Australia,Jackson Irvine,114.3,48.2,0.07543106,False,False
Tunisia,Youssef Msakni,102.8,54.8,0.031703874,False,False
Tunisia,Mohamed Dräger,109.2,48.4,0.21984866,False,False
Australia,Mitchell Thomas Duke,104.9,40.6,0.040856346,False,True
Australia,Fran Karačić,106.4,54.9,0.035070673,False,False
Australia,Fran Karačić,87.2,52.2,0.0052714557,False,False
Tunisia,Youssef Msakni,111.0,45.5,0.23484555,False,False
Australia,Mitchell Thomas Duke,107.3,39.8,0.06400663,False,False
Tunisia,Ferjani Sassi,91.2,52.7,0.020219443,False,False
Tunisia,Youssef Msakni,101.8,31.8,0.058604978,False,False
Tunisia,Youssef Msakni,108.1,25.0,0.026706748,False,True
Tunisia,Youssef Msakni,95.6,42.2,0.048467197,False,True
Australia,Aaron Mooy,95.6,44.1,0.039191317,False,False
Tunisia,Youssef Msakni,110.1,38.0,0.10262261,False,False
Tunisia,Montassar Omar Talbi,89.6,34.9,0.012159805,False,True
Tunisia,Taha Yassine Khenissi,98.4,54.6,0.012915949,False,False
Tunisia,Naïm Sliti,109.8,47.4,0.1403044,False,False
Tunisia,Wahbi Khazri,109.9,49.4,0.09264534,False,True
Tunisia,Wahbi Khazri,108.4,24.1,0.021421792,False,False
Senegal,Idrissa Gana Gueye,106.9,45.7,0.21271749,False,False
Senegal,Boulaye Dia,109.3,51.9,0.16839646,False,False
Ecuador,Enner Remberto Valencia Lastra,86.9,40.9,0.021615954,False,False
Ecuador,Enner Remberto Valencia Lastra,95.9,37.7,0.02803523,False,False
Senegal,Ismaïla Sarr,99.2,40.2,0.042373266,False,False
Senegal,Iliman Ndiaye,99.7,52.9,0.02889044,False,False
Senegal,Ismaïla Sarr,104.1,25.5,0.023828069,False,False
Senegal,Pape Gueye,93.0,36.3,0.025696881,False,False
Senegal,Abdou Diallo,107.9,41.9,0.035411544,False,False
Senegal,Pathé Ismaël Ciss,108.1,33.6,0.03057826,False,False
Senegal,Ismaïla Sarr,108.0,40.0,0.7835,True,True
Senegal,Iliman Ndiaye,107.3,46.7,0.04522632,False,False
Ecuador,José Adoni Cifuentes Charcopa,93.8,51.3,0.025271386,False,True
Ecuador,Michael Steveen Estrada Martínez,106.7,38.8,0.042533338,False,False
Ecuador,Felix Eduardo Torres Caicedo,113.7,42.7,0.15397952,False,False
Ecuador,Moisés Isaac Caicedo Corozo,117.2,35.6,0.5894187,True,True
Senegal,Kalidou Koulibaly,114.3,46.0,0.23427999,True,True
Ecuador,Gonzalo Jordy Plata Jiménez,107.0,42.8,0.058988493,False,True
Senegal,Boulaye Dia,101.3,54.6,0.04455093,False,False
Senegal,Pape Gueye,102.6,54.8,0.03201506,False,True
Ecuador,Jeremy Leonel Sarmiento Morante,105.3,32.1,0.02928531,False,True
Ecuador,Jackson Gabriel Porozo Vernaza,105.9,34.3,0.052534856,False,False
Uruguay,Matías Vecino Falero,109.5,28.6,0.052239094,False,True
Uruguay,Federico Santiago Valverde Dipetta,103.9,35.4,0.05187739,False,False
South Korea,Ui-Jo Hwang,108.9,42.7,0.323128,False,False
South Korea,In-Beom Hwang,89.7,57.6,0.007071261,False,False
Uruguay,Diego Roberto Godín Leal,110.0,40.4,0.054689027,False,False
Uruguay,José María Giménez de Vargas,103.5,35.9,0.046385217,False,False
South Korea,Min Jae Kim,111.5,46.1,0.046898182,False,False
Uruguay,Rodrigo Bentancur Colmán,101.3,38.3,0.052523207,False,False
Uruguay,Federico Santiago Valverde Dipetta,90.5,27.4,0.014167523,False,False
Uruguay,Edinson Roberto Cavani Gómez,106.6,47.5,0.03804607,False,False
South Korea,Kang-In Lee,94.5,54.2,0.023162797,False,False
South Korea,Gue-Sung Cho,93.4,42.0,0.036145955,False,False
Uruguay,Darwin Gabriel Núñez Ribeiro,100.6,28.3,0.028178101,False,False
Uruguay,Edinson Roberto Cavani Gómez,110.5,39.7,0.06689449,False,False
Uruguay,Federico Santiago Valverde Dipetta,95.7,22.6,0.012294213,False,False
South Korea,Heung-Min Son,93.8,36.6,0.0335565,False,False
South Korea,In-Beom Hwang,94.9,26.7,0.023029828,False,False
Portugal,João Félix Sequeira,106.8,44.2,0.0989785,False,True
Morocco,Youssef En-Nesyri,112.7,39.4,0.117904566,False,False
Portugal,Raphaël Adelino José Guerreiro,105.6,23.6,0.019215545,False,False
Morocco,Hakim Ziyech,96.1,60.9,0.008206696,False,False
Morocco,Youssef En-Nesyri,106.7,39.8,0.043849364,False,False
Portugal,João Félix Sequeira,100.9,27.7,0.027014187,False,False
Morocco,Selim Amallah,108.7,31.3,0.06053267,False,False
Morocco,Sofiane Boufal,97.0,27.8,0.03503226,False,True
Portugal,João Félix Sequeira,102.2,35.4,0.060545366,False,False
Morocco,Youssef En-Nesyri,112.6,39.7,0.20030825,True,True
Portugal,Bruno Miguel Borges Fernandes,108.0,62.3,0.0067060287,False,False
Morocco,Yahia Attiyat allah,107.6,26.3,0.082217455,False,False
Morocco,Azzedine Ounahi,93.4,44.2,0.032880384,False,False
Portugal,Gonçalo Matias Ramos,108.7,40.0,0.10594022,False,False
Portugal,João Félix Sequeira,109.7,29.4,0.026895314,False,False
Portugal,Bruno Miguel Borges Fernandes,101.0,35.5,0.057325892,False,False
Portugal,Bernardo Mota Veiga de Carvalho e Silva,109.8,35.9,0.10927713,False,False
Portugal,João Félix Sequeira,102.0,57.1,0.025960794,False,True
Portugal,Cristiano Ronaldo dos Santos Aveiro,101.8,53.7,0.05699573,False,True
Morocco,Zakaria Aboukhlal,101.1,45.9,0.39109123,False,True
Portugal,Kléper Laveran Lima Ferreira,114.1,44.5,0.14926605,False,False
Mexico,Luis Gerardo Chávez Magallón,91.7,51.5,0.021919996,False,False
Saudi Arabia,Saleh Khalid Al Shehri,92.9,41.7,0.02182735,False,True
Mexico,Ernesto Alexis Vega Rojas,101.6,38.9,0.3665275,False,True
Saudi Arabia,Mohammed Kanoo,113.0,54.1,0.047937077,False,False
Saudi Arabia,Mohammed Kanoo,96.3,33.5,0.073429175,False,False
Mexico,Luis Gerardo Chávez Magallón,92.7,40.4,0.01981399,False,True
Mexico,Orbelín Pineda Alvarado,104.0,44.6,0.0489465,False,True
Mexico,Orbelín Pineda Alvarado,115.8,34.5,0.30787364,False,False
Mexico,Luis Gerardo Chávez Magallón,89.6,28.9,0.016814427,False,False
Mexico,Jesús Daniel Gallardo Vasconcelos,106.8,43.3,0.06430086,False,False
Mexico,Luis Gerardo Chávez Magallón,84.6,49.2,0.0066389865,False,False
Mexico,Orbelín Pineda Alvarado,102.0,45.2,0.062194254,False,False
Mexico,Ernesto Alexis Vega Rojas,106.1,29.3,0.04950449,False,False
Mexico,Luis Gerardo Chávez Magallón,92.9,30.0,0.015146091,False,False
Saudi Arabia,Ali Al Hassan,110.1,45.6,0.10154356,False,False
Mexico,Luis Gerardo Chávez Magallón,85.5,41.2,0.018109906,False,True
Mexico,Hirving Rodrigo Lozano Bahena,102.7,19.2,0.0068189544,False,False
Mexico,Henry Josué Martín Mex,116.7,40.2,0.28809994,True,True
Saudi Arabia,Sultan Abdullah Salim Al Ghannam,115.8,46.7,0.21450256,False,False
Mexico,Luis Gerardo Chávez Magallón,86.7,41.3,0.024289701,True,True
Saudi Arabia,Sultan Abdullah Salim Al Ghannam,114.8,52.4,0.030311959,False,False
Mexico,Henry Josué Martín Mex,112.0,40.0,0.09122391,False,False
Saudi Arabia,Abdulelah Al Amri,109.1,45.1,0.037819926,False,False
Mexico,Hirving Rodrigo Lozano Bahena,97.5,31.3,0.05300886,False,True
Saudi Arabia,Firas Tariq Nasser Al Albirakan,101.4,25.4,0.013105479,False,False
Mexico,Henry Josué Martín Mex,108.8,34.9,0.22500646,False,False
Mexico,Luis Gerardo Chávez Magallón,87.3,40.5,0.027150616,False,True
Mexico,Orbelín Pineda Alvarado,100.5,32.9,0.08600338,False,False
Mexico,Carlos Uriel Antuna Romero,109.4,35.9,0.26870292,False,False
Mexico,Edson Omar Álvarez Velázquez,85.8,42.8,0.013687578,False,True
Saudi Arabia,Salem Mohammed Al Dawsari,89.2,40.3,0.019886926,False,False
Mexico,Luis Gerardo Chávez Magallón,101.0,46.0,0.057560198,False,False
Mexico,Rogelio Gabriel Funes Mori,98.8,37.4,0.06664524,False,False
Mexico,Hirving Rodrigo Lozano Bahena,92.9,31.8,0.05359905,False,True
Mexico,Hirving Rodrigo Lozano Bahena,101.9,28.3,0.06253588,False,False
Saudi Arabia,Salem Mohammed Al Dawsari,110.9,45.2,0.51574713,True,True
Poland,Krystian Bielik,100.7,41.3,0.061495427,False,False
Argentina,Lionel Andrés Messi Cuccittini,99.0,37.7,0.050872557,False,True
Argentina,Ángel Fabián Di María Hernández,94.3,40.5,0.034158513,False,False
Argentina,Lionel Andrés Messi Cuccittini,111.7,25.8,0.053250678,False,True
Argentina,Marcos Javier Acuña,107.0,27.9,0.05141401,False,False
Poland,Kamil Glik,105.9,43.5,0.06557972,False,False
Argentina,Julián Álvarez,110.8,47.7,0.1493578,False,False
Argentina,Marcos Javier Acuña,102.9,22.5,0.024708062,False,False
Argentina,Ángel Fabián Di María Hernández,119.6,79.2,0.00018,False,True
Argentina,Enzo Fernandez,91.6,39.7,0.024548035,False,False
Argentina,Julián Álvarez,110.4,27.6,0.19083758,False,True
Argentina,Lionel Andrés Messi Cuccittini,108.1,40.1,0.7835,False,True
Argentina,Julián Álvarez,102.4,27.0,0.03720347,False,True
Argentina,Rodrigo Javier De Paul,112.2,40.3,0.3152717,False,True
Argentina,Ángel Fabián Di María Hernández,106.7,58.4,0.010134568,False,True
Argentina,Alexis Mac Allister,106.0,46.7,0.107545994,True,True
Poland,Kamil Glik,108.8,43.5,0.04381306,False,False
Poland,Michał Skóraś,101.1,56.9,0.026707038,False,False
Argentina,Lionel Andrés Messi Cuccittini,105.8,28.4,0.06119443,False,False
Argentina,Lionel Andrés Messi Cuccittini,109.4,50.7,0.058334265,False,False
Argentina,Julián Álvarez,107.7,41.5,0.15200824,False,False
Argentina,Alexis Mac Allister,106.0,46.0,0.13009955,False,True
Argentina,Lionel Andrés Messi Cuccittini,107.2,25.9,0.023947677,False,False
Argentina,Julián Álvarez,106.0,33.5,0.10054177,True,True
Argentina,Lionel Andrés Messi Cuccittini,106.5,35.1,0.13232325,False,True
Argentina,Julián Álvarez,106.1,52.6,0.18145993,False,False
Argentina,Lautaro Javier Martínez,109.4,52.2,0.17955275,False,False
Argentina,Nicolás Alejandro Tagliafico,108.2,30.2,0.22421487,False,True
Mexico,César Jasib Montes Castro,107.6,38.6,0.0988946,False,False
Argentina,Lautaro Javier Martínez,112.7,39.5,0.13799548,False,False
Mexico,Ernesto Alexis Vega Rojas,92.4,35.8,0.05948228,False,True
Mexico,Ernesto Alexis Vega Rojas,92.8,23.0,0.0077116457,False,False
Mexico,Hirving Rodrigo Lozano Bahena,93.5,36.8,0.040303126,False,False
Argentina,Lionel Andrés Messi Cuccittini,94.8,41.9,0.067327775,False,False
Argentina,Lionel Andrés Messi Cuccittini,94.9,37.4,0.033919714,True,True
Argentina,Nahuel Molina Lucero,101.5,49.2,0.050896797,False,False
Argentina,Enzo Fernandez,106.5,22.8,0.035064373,True,True
Switzerland,Breel-Donald Embolo,104.1,27.2,0.06137733,False,False
Portugal,Gonçalo Matias Ramos,111.3,27.5,0.10102074,True,True
Portugal,Otávio Edmilson da Silva Monteiro,101.4,36.8,0.032515083,False,True
Portugal,Gonçalo Matias Ramos,100.7,32.2,0.072023906,False,True
Switzerland,Xherdan Shaqiri,87.2,46.1,0.023890225,False,True
Portugal,Kléper Laveran Lima Ferreira,114.3,40.0,0.12779379,True,True
Switzerland,Remo Freuler,115.9,44.0,0.2948616,False,True
Switzerland,Fabian Lukas Schär,99.9,53.7,0.024413843,False,False
Portugal,Gonçalo Matias Ramos,107.5,33.4,0.31703457,False,True
Portugal,Raphaël Adelino José Guerreiro,96.0,25.0,0.021823613,False,False
Portugal,Gonçalo Matias Ramos,114.4,35.1,0.09938955,False,False
Portugal,Gonçalo Matias Ramos,115.8,44.4,0.5086819,True,True
Portugal,João Félix Sequeira,103.5,26.4,0.043932665,False,False
Portugal,Kléper Laveran Lima Ferreira,110.8,35.6,0.05800441,False,False
Portugal,Raphaël Adelino José Guerreiro,110.9,32.4,0.35848966,True,True
Switzerland,Manuel Obafemi Akanji,118.7,35.4,0.6688656,True,True
Switzerland,Xherdan Shaqiri,101.7,63.9,0.007870479,False,False
Portugal,Gonçalo Matias Ramos,112.6,45.8,0.46699882,True,True
Switzerland,Denis Lemi Zakaria Lako Lado,97.5,36.4,0.04188712,False,False
Portugal,Cristiano Ronaldo dos Santos Aveiro,88.9,44.9,0.028790973,False,False
Switzerland,Breel-Donald Embolo,102.1,39.2,0.032889098,False,False
Switzerland,Granit Xhaka,113.2,34.5,0.0836758,False,False
Switzerland,Noah Okafor,108.4,23.1,0.032096077,False,False
Portugal,Rafael Alexandre Conceição Leão,105.0,21.7,0.010257767,True,True
Portugal,Rúben Santos Gato Alves Dias,108.0,41.9,0.03750256,False,False
England,John Stones,113.5,45.4,0.08366814,False,False
Senegal,Boulaye Dia,108.6,42.7,0.05336251,False,False
Senegal,Ismaïla Sarr,115.7,40.5,0.629174,False,False
Senegal,Boulaye Dia,112.8,28.9,0.0358749,False,True
England,Jordan Brian Henderson,107.6,38.0,0.13174866,True,True
England,Harry Kane,110.0,39.3,0.18422936,False,False
England,Harry Kane,104.3,50.7,0.20664306,True,True
Senegal,Pape Matar Sarr,92.8,35.2,0.018660808,False,False
England,Bukayo Saka,107.7,53.4,0.03518777,False,False
England,Harry Kane,90.5,27.1,0.015214441,False,True
England,Bukayo Saka,111.0,35.9,0.21738943,True,True
Senegal,Pape Matar Sarr,89.0,36.2,0.013223637,False,False
Senegal,Pape Matar Sarr,87.8,49.9,0.021199826,False,False
Senegal,Ismaïla Sarr,111.6,39.3,0.107544675,False,False
Senegal,Pape Gueye,96.7,52.4,0.027956013,False,False
Senegal,Pape Matar Sarr,93.1,38.3,0.032847784,False,False
England,Marcus Rashford,117.8,45.9,0.1459426,False,False
Senegal,Cheikh Ahmadou Bamba Mbacke Dieng,94.0,54.7,0.03296228,False,False
Croatia,Dejan Lovren,115.0,27.7,0.014029023,False,False
Argentina,Enzo Fernandez,93.1,36.9,0.027808638,False,True
Croatia,Ivan Perišić,106.9,23.2,0.034139045,False,False
Argentina,Lionel Andrés Messi Cuccittini,108.0,40.0,0.7835,True,True
Argentina,Julián Álvarez,112.7,37.4,0.36172354,True,True
Argentina,Rodrigo Javier De Paul,95.6,51.4,0.027667157,False,False
Argentina,Alexis Mac Allister,113.5,32.8,0.0684051,False,True
Croatia,Luka Modrić,92.9,46.3,0.026162526,False,False
Croatia,Mario Pašalić,119.4,45.8,0.07864248,False,False
Argentina,Leandro Daniel Paredes,85.0,44.8,0.014370957,False,True
Argentina,Lionel Andrés Messi Cuccittini,112.7,30.1,0.10581502,False,True
Croatia,Mislav Oršić,98.4,22.8,0.021008598,False,False
Croatia,Dejan Lovren,112.7,40.1,0.09374543,False,False
Argentina,Julián Álvarez,113.3,45.4,0.33366448,True,True
Croatia,Ivan Perišić,82.3,43.9,0.00752127,False,True
Croatia,Ivan Perišić,85.8,21.3,0.0058680973,False,False
Croatia,Mislav Oršić,108.0,21.9,0.011610668,False,False
Argentina,Alexis Mac Allister,107.1,46.7,0.14140838,False,False
Croatia,Lovro Majer,96.0,35.4,0.044770177,False,True
Croatia,Nikola Vlašić,103.6,52.3,0.049129687,False,False
Croatia,Dejan Lovren,89.3,36.5,0.02342664,False,False
England,Philip Foden,100.2,40.0,0.022691524,False,False
France,Olivier Giroud,110.3,38.2,0.21537142,False,True
France,Aurélien Djani Tchouaméni,92.5,43.5,0.027870113,True,True
England,Luke Shaw,98.0,53.2,0.05589417,False,True
England,Harry Kane,113.6,52.2,0.07522586,False,True
England,Jude Bellingham,117.3,35.7,0.21807538,False,False
England,Harry Kane,96.7,57.1,0.018916143,False,True
France,Kylian Mbappé Lottin,107.9,32.9,0.06798863,False,False
England,Jude Bellingham,101.1,48.0,0.046397094,False,True
England,Harry Maguire,116.2,30.9,0.048588943,False,False
England,Jordan Brian Henderson,101.1,56.4,0.017202334,False,False
England,Harry Kane,108.1,40.1,0.7835,True,True
France,Adrien Rabiot,95.6,43.2,0.06667264,False,True
England,Bukayo Saka,103.2,47.6,0.07073746,False,True
France,Ousmane Dembélé,99.5,53.8,0.030820057,False,False
England,Harry Kane,99.1,53.8,0.029508974,False,True
England,Harry Maguire,109.1,35.0,0.07199757,False,False
England,Luke Shaw,108.4,21.7,0.006951497,False,False
France,Olivier Giroud,112.9,47.0,0.075690374,False,False
France,Olivier Giroud,111.3,40.5,0.20829616,False,True
France,Olivier Giroud,114.7,36.4,0.14665264,True,True
England,Harry Kane,108.1,40.1,0.7835,False,False
England,Mason Mount,89.5,44.7,0.024138648,False,False
England,Marcus Rashford,97.5,34.1,0.07922588,False,False
France,Kylian Mbappé Lottin,108.5,47.3,0.09459595,False,False
France,Theo Bernard François Hernández,115.7,31.5,0.0979349,True,True
Morocco,Azzedine Ounahi,95.5,26.2,0.01924696,False,True
Morocco,Hakim Ziyech,106.4,54.6,0.06111174,False,False
France,Olivier Giroud,105.4,26.8,0.09802507,False,False
Morocco,Achraf Hakimi Mouh,95.3,53.3,0.020597277,False,False
France,Aurélien Djani Tchouaméni,96.0,32.9,0.040336993,False,False
France,Olivier Giroud,111.9,44.5,0.060999498,False,False
France,Youssouf Fofana,104.3,46.5,0.061363008,False,False
France,Kylian Mbappé Lottin,111.7,30.9,0.15100354,False,False
France,Olivier Giroud,105.8,42.5,0.2635025,False,False
France,Raphaël Varane,113.7,47.9,0.07554505,False,False
Morocco,Jawad El Yamiq,107.2,33.9,0.06408756,False,True
Morocco,Sofiane Boufal,96.7,37.2,0.035300843,False,False
France,Jules Koundé,94.0,50.6,0.01766911,False,False
Morocco,Yahia Attiyat allah,109.8,35.1,0.24936919,False,False
Morocco,Sofyan Amrabat,92.5,36.0,0.020691318,False,False
France,Marcus Thuram,114.5,45.5,0.115658596,False,False
France,Youssouf Fofana,111.6,27.3,0.040043775,False,False
France,Kylian Mbappé Lottin,107.2,29.8,0.033641826,False,False
France,Randal Kolo Muani,115.6,43.8,0.8521293,True,True
Morocco,Zakaria Aboukhlal,107.1,41.0,0.024939176,False,False
Morocco,Abdessamad Ezzalzouli,106.9,32.9,0.05950738,False,False
Morocco,Azzedine Ounahi,103.0,48.2,0.06379096,False,False
Morocco,Azzedine Ounahi,98.1,48.0,0.03807111,False,False
Morocco,Azzedine Ounahi,108.6,44.6,0.067406826,False,False
Morocco,Abderrazak Hamdallah,115.9,37.4,0.50624365,False,False
Brazil,Vinícius José Paixão de Oliveira Júnior,98.8,20.8,0.008460451,False,True
Croatia,Ivan Perišić,112.2,43.2,0.19016835,False,False
Croatia,Andrej Kramarić,99.5,27.0,0.026674595,False,False
Brazil,Vinícius José Paixão de Oliveira Júnior,103.0,34.8,0.06970771,False,False
Brazil,Neymar da Silva Santos Junior,107.2,24.9,0.025347186,False,True
Brazil,Carlos Henrique Casimiro,96.4,49.8,0.030699778,False,False
Croatia,Ivan Perišić,100.8,20.7,0.012010745,False,False
Brazil,Neymar da Silva Santos Junior,100.9,17.2,0.008240742,False,True
Croatia,Ivan Perišić,111.9,41.4,0.11005159,False,False
Brazil,Neymar da Silva Santos Junior,112.6,29.0,0.16692519,False,True
Brazil,Carlos Henrique Casimiro,89.1,28.8,0.026057322,False,False
Brazil,Lucas Tolentino Coelho de Lima,111.6,34.5,0.26807922,False,True
Brazil,Éder Gabriel Militão,101.4,53.7,0.04353941,False,False
Croatia,Andrej Kramarić,101.2,57.3,0.030721588,False,False
Brazil,Neymar da Silva Santos Junior,114.1,28.2,0.12963046,False,True
Brazil,Lucas Tolentino Coelho de Lima,104.6,32.8,0.092192985,False,True
Brazil,Richarlison de Andrade,109.4,41.0,0.067200735,False,False
Croatia,Nikola Vlašić,107.0,54.2,0.026884926,False,False
Brazil,Éder Gabriel Militão,102.5,50.1,0.04975106,False,False
Brazil,Éder Gabriel Militão,104.7,46.8,0.06132018,False,False
Brazil,Antony Matheus dos Santos,94.6,56.8,0.013999131,False,True
Brazil,Pedro Guilherme Abreu dos Santos,112.9,49.4,0.057022728,False,False
Brazil,Pedro Guilherme Abreu dos Santos,107.2,38.8,0.113875866,False,True
Croatia,Marcelo Brozović,103.7,46.4,0.12467693,False,False
Brazil,Danilo Luiz da Silva,96.9,22.6,0.0154907415,False,False
Brazil,Neymar da Silva Santos Junior,116.5,47.2,0.4674385,True,True
Croatia,Bruno Petković,103.2,38.6,0.09977819,True,True
Croatia,Lovro Majer,91.5,55.0,0.01192189,False,False
Brazil,Carlos Henrique Casimiro,114.0,31.0,0.10135116,False,True
Croatia,Nikola Vlašić,108.0,40.0,0.7835,True,True
Brazil,Rodrygo Silva de Goes,107.9,40.0,0.7835,False,True
Croatia,Lovro Majer,108.0,40.0,0.7835,True,True
Brazil,Carlos Henrique Casimiro,108.0,40.0,0.7835,True,True
Croatia,Luka Modrić,108.0,40.0,0.7835,True,True
Brazil,Pedro Guilherme Abreu dos Santos,108.0,40.0,0.7835,True,True
Croatia,Mislav Oršić,108.0,40.0,0.7835,True,True
Brazil,Marcos Aoás Corrêa,108.0,40.0,0.7835,False,False
Morocco,Achraf Hakimi Mouh,93.4,27.5,0.041958537,False,False
Spain,Marco Asensio Willemsen,115.0,25.0,0.025564773,False,False
Morocco,Noussair Mazraoui,89.4,37.7,0.023416335,False,True
Morocco,Nayef Aguerd,113.2,43.7,0.25141555,False,False
Spain,Daniel Olmo Carvajal,110.2,12.6,0.0073576192,False,True
Spain,Daniel Olmo Carvajal,97.2,31.3,0.031760626,False,False
Spain,Álvaro Borja Morata Martín,118.8,50.9,0.017266534,False,False
Morocco,Walid Cheddira,110.6,40.8,0.119254045,False,False
Spain,Álvaro Borja Morata Martín,115.3,51.1,0.049165204,False,False
Spain,Aymeric Laporte,107.7,38.8,0.04145577,False,False
Spain,Alejandro Balde Martínez,112.5,28.9,0.077706024,False,False
Spain,Rodrigo Hernández Cascante,79.9,46.8,0.0056476467,False,False
Morocco,Walid Cheddira,109.7,47.1,0.1301347,False,True
Spain,Marcos Llorente Moreno,100.3,53.3,0.024551911,False,False
Morocco,Abdelhamid Sabiri,59.6,39.7,0.004195439,False,False
Spain,Sergio Busquets i Burgos,102.6,47.1,0.0709334,False,False
Spain,Carlos Soler Barragán,104.3,44.4,0.039505202,False,False
Spain,Pablo Sarabia García,117.8,48.1,0.10407615,False,False
Morocco,Abdelhamid Sabiri,108.0,40.0,0.7835,True,True
Spain,Pablo Sarabia García,108.0,40.0,0.7835,False,False
Morocco,Hakim Ziyech,108.0,40.0,0.7835,True,True
Spain,Carlos Soler Barragán,108.0,40.0,0.7835,False,True
Morocco,Badr Banoun,108.0,40.0,0.7835,False,True
Spain,Sergio Busquets i Burgos,108.0,40.0,0.7835,False,True
Morocco,Achraf Hakimi Mouh,108.0,40.0,0.7835,True,True
Japan,Shogo Taniguchi,112.6,38.8,0.11361285,False,False
Croatia,Ivan Perišić,116.7,29.0,0.05943511,False,True
Croatia,Andrej Kramarić,114.5,38.3,0.17775308,False,False
Croatia,Joško Gvardiol,101.1,43.6,0.061746918,False,False
Japan,Daichi Kamada,114.1,28.8,0.08994952,False,False
Japan,Daizen Maeda,113.5,44.3,0.45874894,True,True
Japan,Daichi Kamada,94.7,38.3,0.03904812,False,False
Croatia,Mateo Kovačić,100.1,47.1,0.02993381,False,False
Japan,Hidemasa Morita,98.2,36.8,0.041140273,False,False
Croatia,Ivan Perišić,106.0,34.1,0.02684295,True,True
Japan,Wataru Endo,94.4,52.9,0.019910807,False,True
Japan,Wataru Endo,90.0,41.9,0.020528734,False,False
Japan,Hidemasa Morita,97.8,36.3,0.052081473,False,False
Japan,Ritsu Doan,100.4,43.7,0.056113943,False,True
Croatia,Luka Modrić,96.3,48.9,0.031055314,False,True
Croatia,Ivan Perišić,95.5,48.2,0.018378427,False,False
Croatia,Andrej Kramarić,98.9,23.8,0.018472007,False,False
Croatia,Ante Budimir,109.5,45.1,0.10111922,False,False
Croatia,Mario Pašalić,107.5,44.5,0.035465226,False,False
Croatia,Ivan Perišić,98.1,30.4,0.030077945,False,False
Croatia,Mario Pašalić,110.5,42.8,0.052599985,False,False
Japan,Shogo Taniguchi,114.6,49.3,0.0608747,False,False
Croatia,Ivan Perišić,107.2,34.1,0.07439702,False,False
Croatia,Borna Barišić,95.1,31.3,0.015196718,False,False
Japan,Kaoru Mitoma,99.8,34.6,0.054134306,False,True
Japan,Wataru Endo,95.7,37.1,0.02615668,False,False
Japan,Takumi Minamino,102.6,40.3,0.03667642,False,False
Croatia,Marko Livaja,112.8,47.7,0.047236525,False,True
Croatia,Mislav Oršić,106.8,19.7,0.009676031,False,False
Croatia,Lovro Majer,99.8,33.0,0.06501122,False,False
Japan,Takumi Minamino,108.1,40.1,0.7835,False,True
Croatia,Nikola Vlašić,108.1,40.1,0.7835,True,True
Japan,Kaoru Mitoma,108.1,40.1,0.7835,False,True
Croatia,Marcelo Brozović,108.1,40.1,0.7835,True,True
Japan,Takuma Asano,108.1,40.1,0.7835,True,True
Croatia,Marko Livaja,108.1,40.1,0.7835,False,False
Japan,Maya Yoshida,108.1,40.1,0.7835,False,True
Croatia,Mario Pašalić,108.1,40.1,0.7835,True,True
Brazil,Neymar da Silva Santos Junior,111.3,44.4,0.083826184,False,False
Brazil,Vinícius José Paixão de Oliveira Júnior,110.0,29.9,0.13057186,True,True
Brazil,Neymar da Silva Santos Junior,108.0,40.0,0.7835,True,True
South Korea,Hee-Chan Hwang,90.4,28.0,0.016991004,False,True
South Korea,In-Beom Hwang,91.7,46.4,0.026666574,False,False
South Korea,Hee-Chan Hwang,82.7,33.0,0.0058221314,False,True
Brazil,Richarlison de Andrade,110.7,43.3,0.5379008,True,True
Brazil,Raphael Dias Belloli,94.7,30.7,0.02589997,False,False
South Korea,Hee-Chan Hwang,119.3,30.8,0.017834108,False,True
Brazil,Carlos Henrique Casimiro,93.6,43.2,0.029429397,False,False
Brazil,Lucas Tolentino Coelho de Lima,110.0,44.8,0.08633457,True,True
Brazil,Lucas Tolentino Coelho de Lima,112.0,49.2,0.2577265,False,True
Brazil,Richarlison de Andrade,110.3,51.6,0.2681848,False,True
Brazil,Neymar da Silva Santos Junior,111.4,42.3,0.26870713,False,False
Brazil,Raphael Dias Belloli,104.3,51.7,0.04634087,False,True
South Korea,Heung-Min Son,105.3,27.9,0.1490943,False,True
Brazil,Raphael Dias Belloli,110.4,50.6,0.080992505,False,True
Brazil,Vinícius José Paixão de Oliveira Júnior,110.4,26.8,0.05640157,False,False
Brazil,Raphael Dias Belloli,91.0,34.0,0.04321825,False,False
Brazil,Raphael Dias Belloli,114.6,51.1,0.16284284,False,True
South Korea,Hee-Chan Hwang,106.8,51.7,0.04724954,False,True
South Korea,Seung-Ho Paik,93.7,39.8,0.023081098,True,True
Brazil,Daniel Alves da Silva,111.1,53.1,0.027839905,False,False
Brazil,Gleison Bremer Silva Nascimento,116.1,41.0,0.34439024,False,True
South Korea,Hee-Chan Hwang,112.9,53.6,0.058088522,False,False
Brazil,Daniel Alves da Silva,88.4,46.1,0.027316706,False,False
France,Raphaël Varane,114.3,40.0,0.1462742,False,False
France,Ousmane Dembélé,116.0,51.8,0.040392082,False,False
France,Aurélien Djani Tchouaméni,87.8,30.9,0.017185243,False,True
France,Ousmane Dembélé,99.2,46.7,0.07651916,False,True
Poland,Robert Lewandowski,92.5,43.3,0.03323787,False,False
France,Jules Koundé,94.5,56.1,0.01624438,False,True
Poland,Przemysław Frankowski,109.5,24.7,0.043646414,False,False
Poland,Robert Lewandowski,94.8,26.6,0.042642463,False,False
Poland,Matty Cash,99.1,56.2,0.023505978,False,False
France,Kylian Mbappé Lottin,111.5,24.9,0.047962468,False,True
France,Olivier Giroud,105.2,44.5,0.046657436,False,False
Poland,Piotr Zieliński,106.6,41.6,0.13905574,False,True
Poland,Piotr Zieliński,111.4,43.9,0.2098723,False,False
Poland,Jakub Kamiński,114.1,50.5,0.07224382,False,False
France,Olivier Giroud,105.6,32.3,0.28635955,True,True
Poland,Jakub Kamiński,108.8,51.7,0.03898995,False,False
France,Antoine Griezmann,106.9,63.2,0.008752431,False,True
France,Theo Bernard François Hernández,98.0,38.5,0.032634486,False,False
France,Kylian Mbappé Lottin,102.0,26.7,0.02943752,False,False
France,Kylian Mbappé Lottin,110.2,26.3,0.054253228,False,False
France,Olivier Giroud,115.8,46.8,0.12365263,False,False
Poland,Kamil Glik,114.0,32.0,0.041239407,False,False
France,Kylian Mbappé Lottin,104.8,28.6,0.08738103,True,True
France,Theo Bernard François Hernández,105.0,33.4,0.069959894,False,False
France,Kylian Mbappé Lottin,106.2,25.2,0.042708755,True,True
Poland,Robert Lewandowski,105.6,48.7,0.061160102,False,False
Poland,Robert Lewandowski,113.0,40.0,0.10443308,False,False
Poland,Robert Lewandowski,108.0,40.0,0.7835,True,True
United States,Christian Pulisic,107.1,34.9,0.3196895,False,True
Netherlands,Memphis Depay,104.9,43.7,0.16183718,True,True
Netherlands,Daley Blind,103.6,30.6,0.07337185,False,False
Netherlands,Memphis Depay,106.1,62.1,0.008920797,False,False
United States,Timothy Weah,97.5,53.3,0.028368456,False,True
United States,Sergino Dest,105.2,46.2,0.07418261,False,False
Netherlands,Daley Blind,107.6,38.5,0.2502288,True,True
United States,Weston McKennie,109.1,36.5,0.03899759,False,False
United States,Tim Ream,116.5,37.1,0.2582279,False,True
United States,Weston McKennie,108.4,37.0,0.06857926,False,False
United States,Sergino Dest,100.9,57.3,0.01609117,False,False
United States,Christian Pulisic,98.4,27.3,0.040512722,False,True
United States,Weston McKennie,102.1,35.0,0.053084504,False,False
Netherlands,Cody Mathès Gakpo,100.0,50.7,0.053106464,False,False
Netherlands,Memphis Depay,98.6,47.0,0.046333984,False,True
United States,Timothy Weah,99.1,51.0,0.04334448,False,False
Netherlands,Virgil van Dijk,111.8,41.3,0.08036702,False,False
Netherlands,Teun Koopmeiners,94.5,37.8,0.04472613,False,True
Netherlands,Memphis Depay,113.1,34.4,0.27671057,False,True
United States,Giovanni Reyna,98.9,49.9,0.042619057,False,False
United States,Haji Wright,115.2,55.6,0.046546377,False,False
United States,Haji Wright,115.1,45.2,0.3636808,True,True
Netherlands,Steven Bergwijn,109.5,32.8,0.25042096,False,False
United States,Christian Pulisic,99.5,25.3,0.031073315,False,True
Netherlands,Denzel Dumfries,113.5,44.3,0.23592436,True,True
United States,Walker Zimmerman,107.2,43.0,0.05674074,False,False
United States,Giovanni Reyna,103.1,51.4,0.043403003,False,False
United States,Yunus Dimoara Musah,103.9,44.2,0.054460905,False,False
United States,Haji Wright,111.3,40.2,0.072495155,False,False
Uruguay,Mathías Olivera Miramontes,98.2,27.8,0.039672486,False,False
Portugal,William Silva de Carvalho,104.9,30.5,0.048683427,False,False
Portugal,Bruno Miguel Borges Fernandes,90.8,53.9,0.014580331,False,False
Uruguay,José María Giménez de Vargas,109.4,37.1,0.050594334,False,False
Portugal,João Félix Sequeira,101.0,30.9,0.033737455,False,False
Portugal,Cristiano Ronaldo dos Santos Aveiro,96.0,23.4,0.026755862,False,False
Portugal,Rúben Diogo Da Silva Neves,92.4,50.0,0.015326656,False,False
Uruguay,Rodrigo Bentancur Colmán,106.8,41.3,0.49410823,False,True
Portugal,Cristiano Ronaldo dos Santos Aveiro,99.4,24.7,0.029249214,False,False
Portugal,João Félix Sequeira,91.6,31.8,0.022321237,False,False
Uruguay,Rodrigo Bentancur Colmán,108.4,29.5,0.07433986,False,False
Portugal,Bruno Miguel Borges Fernandes,93.1,33.0,0.028039778,False,False
Portugal,João Félix Sequeira,107.9,27.1,0.036293734,False,False
Portugal,Bruno Miguel Borges Fernandes,99.4,14.6,0.0077694156,True,True
Portugal,Cristiano Ronaldo dos Santos Aveiro,84.9,19.1,0.007159395,False,False
Uruguay,Edinson Roberto Cavani Gómez,102.9,39.7,0.07401822,False,False
Uruguay,Darwin Gabriel Núñez Ribeiro,92.8,43.6,0.03092143,False,True
Uruguay,Mathías Olivera Miramontes,108.1,33.8,0.041303303,False,False
Uruguay,Maximiliano Gómez González,99.2,43.2,0.047642853,False,False
Uruguay,Luis Alberto Suárez Díaz,115.6,34.0,0.088375136,False,False
Uruguay,Giorgian Daniel De Arrascaeta Benedetti,109.3,50.0,0.2560759,False,True
Portugal,Rafael Alexandre Conceição Leão,95.3,49.1,0.026902085,False,False
Uruguay,Federico Santiago Valverde Dipetta,88.2,44.5,0.019629322,False,False
Portugal,Bruno Miguel Borges Fernandes,108.0,40.0,0.7835,True,True
Portugal,Bruno Miguel Borges Fernandes,117.7,50.0,0.032710962,False,True
Portugal,Bruno Miguel Borges Fernandes,100.6,35.0,0.100704454,False,False
Spain,Daniel Olmo Carvajal,100.5,26.1,0.032144632,False,True
Spain,Jordi Alba Ramos,96.6,23.3,0.021667236,False,False
Germany,Serge Gnabry,102.8,56.6,0.028963488,False,False
Spain,Ferrán Torres García,102.8,46.4,0.068952255,False,False
Germany,Antonio Rüdiger,89.6,25.9,0.0065071667,False,False
Spain,Ferrán Torres García,109.8,54.6,0.04777013,False,False
Germany,Antonio Rüdiger,113.7,60.2,0.008851705,False,True
Germany,Joshua Kimmich,105.8,40.6,0.09558376,False,True
Spain,Daniel Olmo Carvajal,85.8,31.1,0.0118638035,False,True
Spain,Álvaro Borja Morata Martín,113.2,34.3,0.31874228,True,True
Germany,Leon Goretzka,96.2,39.7,0.036448006,False,False
Spain,Marco Asensio Willemsen,101.7,45.4,0.13836038,False,False
Germany,Niclas Füllkrug,111.2,41.5,0.3730103,False,False
Germany,Jamal Musiala,110.1,50.1,0.28996226,False,True
Germany,Serge Gnabry,104.9,23.6,0.024480116,False,False
Germany,Niclas Füllkrug,111.3,42.8,0.065169856,False,False
Germany,Joshua Kimmich,98.9,25.7,0.053563386,False,False
Germany,Niclas Füllkrug,110.8,51.9,0.16441207,True,True
Serbia,Aleksandar Mitrović,110.4,33.0,0.06545554,False,False
Serbia,Aleksandar Mitrović,114.4,54.2,0.016927462,False,False
Serbia,Filip Kostić,108.2,21.4,0.012009094,False,False
Cameroon,Nicolas Alexis Julio N'Koulou Ndoubena,95.9,33.9,0.046143826,False,False
Serbia,Aleksandar Mitrović,108.9,38.6,0.063389905,False,False
Cameroon,Pierre Kunde Malong,108.1,60.1,0.009715966,False,True
Cameroon,Pierre Kunde Malong,96.8,50.1,0.029523049,False,False
Cameroon,Nicolas Alexis Julio N'Koulou Ndoubena,115.2,33.5,0.09064111,False,False
Cameroon,Jean-Charles Castelletto,118.5,43.2,0.8945071,True,True
Cameroon,Pierre Kunde Malong,103.5,53.8,0.0845098,False,True
Cameroon,Pierre Kunde Malong,110.5,55.1,0.056867022,False,False
Serbia,Strahinja Pavlović,110.7,42.8,0.07892812,True,True
Serbia,Sergej Milinković-Savić,99.6,46.7,0.058657028,True,True
Serbia,Aleksandar Mitrović,98.4,45.9,0.08318807,False,False
Serbia,Saša Lukić,103.0,49.6,0.039666813,False,False
Serbia,Aleksandar Mitrović,113.6,40.2,0.8974681,True,True
Cameroon,Vincent Paté Aboubakar,106.5,47.6,0.05176351,False,False
Cameroon,Karl Brillant Toko Ekambi,106.4,24.5,0.02132554,False,True
Serbia,Sergej Milinković-Savić,96.4,47.8,0.10917903,False,False
Cameroon,Vincent Paté Aboubakar,104.4,49.0,0.28323865,True,True
Cameroon,Jean-Eric Maxim Choupo-Moting,111.0,37.0,0.46942416,True,True
Serbia,Nikola Milenković,110.5,45.7,0.0304652,False,False
Serbia,Aleksandar Mitrović,110.1,55.7,0.10947208,False,True
Serbia,Sergej Milinković-Savić,95.2,48.2,0.032438725,False,False
Cameroon,Vincent Paté Aboubakar,94.0,24.8,0.025639288,False,True
Serbia,Aleksandar Mitrović,105.1,38.3,0.1134657,False,False
Cameroon,Georges-Kévin Nkoudou Mbida,103.3,13.7,0.0070103277,False,True
Serbia,Marko Grujić,92.3,33.6,0.027356416,False,True
Belgium,Michy Batshuayi Tunga,110.0,29.6,0.13561569,False,True
Belgium,Kevin De Bruyne,95.2,30.1,0.023734333,False,False
Belgium,Amadou Onana,114.6,38.6,0.22733837,False,False
Belgium,Thomas Meunier,101.1,27.4,0.050302412,False,True
Morocco,Hakim Ziyech,88.5,52.0,0.010982664,False,False
Morocco,Selim Amallah,106.0,49.7,0.054105066,False,False
Morocco,Achraf Hakimi Mouh,109.4,56.3,0.054164495,False,False
Belgium,Kevin De Bruyne,94.1,42.1,0.021631707,False,False
Belgium,Kevin De Bruyne,112.6,6.7,0.007375095,False,False
Morocco,Hakim Ziyech,95.2,48.1,0.02991042,False,True
Belgium,Eden Hazard,104.9,58.7,0.009158539,False,True
Belgium,Amadou Onana,111.4,40.8,0.06452631,False,False
Morocco,Sofiane Boufal,106.6,22.0,0.01369968,False,False
Morocco,Noussair Mazraoui,87.4,35.3,0.022188112,False,False
Belgium,Dries Mertens,97.9,37.7,0.065653466,False,True
Morocco,Azzedine Ounahi,87.6,38.2,0.023304239,False,False
Morocco,Romain Saïss,118.0,36.4,0.56495196,True,True
Belgium,Jan Vertonghen,109.1,37.6,0.03727616,False,False
Morocco,Abderrazak Hamdallah,116.6,28.9,0.036752854,False,True
Morocco,Zakaria Aboukhlal,110.3,46.8,0.18104906,True,True
Ecuador,Enner Remberto Valencia Lastra,108.1,40.1,0.7835,True,True
Ecuador,Romario Andrés Ibarra Mina,96.5,46.4,0.057691004,False,False
Ecuador,Enner Remberto Valencia Lastra,109.6,38.0,0.08878088,True,True
Qatar,Abdelkarim Hassan Al Haj Fadlalla,88.4,22.4,0.0062173195,False,False
Qatar,Almoez Ali Zainalabiddin Abdulla,113.0,43.7,0.21267414,False,False
Ecuador,Angelo Smit Preciado Quiñónez,91.7,61.5,0.0066099144,False,False
Ecuador,Romario Andrés Ibarra Mina,101.9,32.3,0.07894745,False,True
Qatar,Pedro Miguel Correia,106.5,47.5,0.030855335,False,False
Qatar,Akram Hassan Afif,92.1,23.1,0.009109482,False,False
Qatar,Mohammed Muntari,100.2,55.2,0.045332674,False,False
Ecuador,Kevin José Rodríguez Cortez,112.3,37.4,0.13848205,False,False
Argentina,Lionel Andrés Messi Cuccittini,104.5,44.5,0.15308252,False,True
Argentina,Lionel Andrés Messi Cuccittini,108.0,40.0,0.7835,True,True
Argentina,Alejandro Darío Gómez,98.4,20.2,0.011924569,False,False
Argentina,Lautaro Javier Martínez,113.2,33.8,0.0877444,False,False
Argentina,Rodrigo Javier De Paul,101.1,41.8,0.050540753,False,False
Saudi Arabia,Saleh Khalid Al Shehri,108.0,29.6,0.080592275,True,True
Saudi Arabia,Nawaf Shaker Al Abid,104.9,54.1,0.040064447,False,False
Saudi Arabia,Salem Mohammed Al Dawsari,102.4,25.3,0.03280492,True,True
Argentina,Lisandro Martínez,111.1,39.9,0.33156127,False,False
Argentina,Nicolás Alejandro Tagliafico,116.1,37.2,0.63619345,False,True
Argentina,Lautaro Javier Martínez,116.5,31.1,0.077176735,False,False
Argentina,Ángel Fabián Di María Hernández,111.4,54.4,0.0639515,False,True
Argentina,Ángel Fabián Di María Hernández,86.7,57.3,0.015201165,False,False
Argentina,Enzo Fernandez,108.2,39.6,0.036932193,False,False
Argentina,Lionel Andrés Messi Cuccittini,92.8,47.1,0.056788407,False,False
Argentina,Lionel Andrés Messi Cuccittini,113.6,32.2,0.077553175,False,True
Argentina,Nicolás Hernán Otamendi,109.5,37.8,0.048093256,False,False
Argentina,Julián Álvarez,112.5,33.2,0.061390053,False,True
South Korea,Gue-Sung Cho,111.9,44.7,0.09163986,False,False
South Korea,Woo-Yeong Jeong,96.7,49.1,0.03008143,False,False
South Korea,Min Jae Kim,114.5,47.9,0.059008703,False,False
South Korea,In-Beom Hwang,95.7,54.9,0.019586006,False,False
South Korea,Gue-Sung Cho,115.4,30.4,0.055939306,False,False
Ghana,Mohamed Salisu,115.5,37.9,0.4040968,True,True
Ghana,Mohammed Kudus,113.1,41.8,0.20083603,True,True
South Korea,Woo-Young Jung,100.6,20.0,0.010946972,False,False
Ghana,Thomas Teye Partey,118.3,36.2,0.21468838,False,False
Ghana,Tariq Lamptey,104.8,52.1,0.07450179,False,False
South Korea,Gue-Sung Cho,111.6,36.7,0.07677545,False,True
South Korea,Gue-Sung Cho,112.6,38.4,0.23484395,True,True
South Korea,Gue-Sung Cho,115.5,43.7,0.16237147,True,True
Ghana,Iñaki Williams Arthuer,109.2,32.5,0.10557394,False,False
Ghana,Mohammed Kudus,108.4,48.6,0.15416233,True,True
South Korea,Kang-In Lee,90.9,45.4,0.034794893,False,True
South Korea,Heung-Min Son,110.9,29.2,0.065267496,False,False
South Korea,Kang-In Lee,114.2,56.1,0.011154885,False,False
South Korea,Jin-Su Kim,112.0,30.1,0.19109753,False,False
Ghana,Salis Abdul Samed,96.1,40.1,0.026676558,False,False
South Korea,Jin-Su Kim,107.7,23.5,0.03964235,False,False
South Korea,Jin-Su Kim,112.0,33.2,0.054534186,False,False
South Korea,Heung-Min Son,109.6,28.5,0.060233038,False,False
South Korea,Young-Gwon Kim,103.6,37.6,0.064945966,False,False
South Korea,Sang-Ho Na,113.0,49.3,0.05996953,False,True
South Korea,Gue-Sung Cho,111.6,23.1,0.014336902,False,True
South Korea,Kang-In Lee,98.5,56.8,0.025138553,False,False
South Korea,Kyung-Won Kwon,83.8,54.1,0.005484339,False,False
Ghana,Jordan Ayew,101.8,36.6,0.07146578,False,True
Ghana,André Ayew Pelé,108.0,40.0,0.7835,False,True
Uruguay,Darwin Gabriel Núñez Ribeiro,106.8,29.0,0.15781382,False,False
Uruguay,Luis Alberto Suárez Díaz,108.6,33.4,0.2733873,False,True
Uruguay,Giorgian Daniel De Arrascaeta Benedetti,118.0,42.7,0.71106935,True,True
Uruguay,Giorgian Daniel De Arrascaeta Benedetti,110.8,31.2,0.16736692,True,True
Ghana,Mohammed Kudus,94.7,45.8,0.041819587,False,False
Uruguay,José María Giménez de Vargas,106.5,42.5,0.03238874,False,False
Ghana,Osman Bukari,104.7,50.8,0.08441304,False,False
Uruguay,Facundo Pellistri Rebollo,107.5,33.2,0.099497445,False,False
Uruguay,Federico Santiago Valverde Dipetta,92.5,22.5,0.0066686436,False,True
Uruguay,Federico Santiago Valverde Dipetta,93.0,21.1,0.008103582,False,False
Ghana,Mohammed Kudus,95.7,47.2,0.04665373,False,False
Uruguay,Federico Santiago Valverde Dipetta,59.0,4.0,0.003913026,False,False
Ghana,Antoine Semenyo,109.6,28.0,0.12024433,False,False
Ghana,Mohammed Kudus,96.8,42.8,0.05586675,False,True
Ghana,Mohammed Kudus,108.0,43.6,0.10750313,False,False
Uruguay,Maximiliano Gómez González,93.0,49.4,0.030132728,False,True
Ghana,Kamaldeen Sulemana,99.5,50.6,0.081227794,False,True
Uruguay,Sebastián Coates Nión,108.8,43.0,0.103292696,False,False
Uruguay,Diego Nicolás De La Cruz Arcosa,91.4,33.9,0.0429242,False,True
Spain,Daniel Olmo Carvajal,112.4,45.9,0.20824905,False,False
Spain,Marco Asensio Willemsen,102.5,40.7,0.1501565,False,False
Spain,Daniel Olmo Carvajal,112.3,39.3,0.48925844,True,True
Spain,Marco Asensio Willemsen,105.8,33.4,0.09218961,True,True
Spain,Ferrán Torres García,108.1,40.1,0.7835,True,True
Spain,Marco Asensio Willemsen,91.7,29.8,0.015886325,False,False
Spain,Marco Asensio Willemsen,110.5,30.5,0.04809784,False,False
Spain,Marco Asensio Willemsen,100.5,45.7,0.08547543,False,False
Spain,Ferrán Torres García,114.7,49.4,0.10498973,True,True
Spain,Daniel Olmo Carvajal,92.0,25.7,0.017297672,False,False
Spain,Álvaro Borja Morata Martín,112.0,54.0,0.06487478,False,False
Spain,Daniel Olmo Carvajal,110.3,29.3,0.033574425,False,True
Spain,Pablo Martín Páez Gavira,103.0,45.8,0.056229107,True,True
Spain,Carlos Soler Barragán,109.7,40.1,0.33333436,True,True
Spain,Álvaro Borja Morata Martín,104.0,36.4,0.16366571,True,True
Spain,Carlos Soler Barragán,102.5,42.5,0.10654532,False,False
Spain,Carlos Soler Barragán,103.5,16.7,0.008599174,False,False
Canada,Alphonso Davies,109.6,36.4,0.08130363,True,True
Croatia,Marko Livaja,109.5,36.8,0.4341785,False,True
Croatia,Marko Livaja,109.9,50.0,0.24546398,False,True
Croatia,Andrej Kramarić,114.1,29.4,0.14639324,True,True
Croatia,Marko Livaja,101.0,39.1,0.13916126,True,True
Croatia,Andrej Kramarić,98.7,33.1,0.059277993,False,False
Canada,Jonathan Osorio,98.3,50.1,0.03829635,False,False
Croatia,Andrej Kramarić,108.2,42.1,0.24875651,False,True
Canada,Jonathan David,96.4,39.9,0.052886155,False,True
Canada,Tajon Buchanan,99.8,52.9,0.023891453,False,False
Canada,Alphonso Davies,101.1,59.8,0.011981465,False,False
Croatia,Andrej Kramarić,106.8,47.1,0.10933437,True,True
Croatia,Andrej Kramarić,115.1,46.8,0.1355834,False,False
Canada,David Junior Hoilett,92.2,33.0,0.019849088,False,False
Croatia,Ivan Perišić,115.3,26.9,0.031612467,False,True
Croatia,Marcelo Brozović,110.3,42.6,0.30414897,False,True
Croatia,Ivan Perišić,96.0,26.3,0.02367336,False,False
Croatia,Mislav Oršić,98.2,35.1,0.045590583,False,True
Canada,David Junior Hoilett,98.1,33.5,0.03737635,False,False
Canada,David Junior Hoilett,99.5,26.7,0.02121069,False,False
Croatia,Lovro Majer,109.2,45.4,0.68703645,True,True
Brazil,Frederico Rodrigues Santos,108.7,38.6,0.29454654,False,False
Brazil,Antony Matheus dos Santos,103.3,25.5,0.038875267,False,False
Brazil,Gabriel Teodoro Martinelli Silva,111.8,34.5,0.12449543,False,True
Brazil,Gabriel Fernando de Jesus,113.4,48.9,0.044797283,False,False
Brazil,Frederico Rodrigues Santos,107.6,39.2,0.083684884,False,False
Brazil,Rodrygo Silva de Goes,94.0,42.7,0.0651609,False,False
Brazil,Daniel Alves da Silva,96.7,29.3,0.06485747,False,False
Brazil,Antony Matheus dos Santos,105.6,52.3,0.033440635,False,True
Brazil,Gabriel Teodoro Martinelli Silva,101.3,45.2,0.047920834,False,True
Brazil,Rodrygo Silva de Goes,107.8,50.0,0.06651591,False,False
Cameroon,Bryan Mbeumo,113.5,47.4,0.11827337,False,True
Cameroon,Vincent Paté Aboubakar,109.5,54.0,0.07058843,False,False
Brazil,Gabriel Fernando de Jesus,111.9,36.3,0.27918908,False,True
Cameroon,Pierre Kunde Malong,91.8,17.8,0.006493906,False,False
Brazil,Gabriel Teodoro Martinelli Silva,108.9,25.7,0.038835723,False,True
Brazil,Éder Gabriel Militão,105.3,39.2,0.075584605,False,True
Brazil,Antony Matheus dos Santos,101.0,51.2,0.037848417,False,True
Brazil,Bruno Guimarães Rodriguez Moura,99.9,37.6,0.086029716,False,False
Cameroon,Jules Olivier Ntcham,92.8,35.5,0.03332142,False,True
Cameroon,Vincent Paté Aboubakar,104.1,25.5,0.042308386,False,False
Cameroon,Christopher Wooh,106.3,39.9,0.05692788,False,False
Brazil,Bruno Guimarães Rodriguez Moura,114.9,44.0,0.14917652,False,False
Brazil,Pedro Guilherme Abreu dos Santos,104.2,47.1,0.18481041,False,False
Cameroon,Vincent Paté Aboubakar,106.7,40.7,0.05544736,True,True
Brazil,Pedro Guilherme Abreu dos Santos,108.8,37.5,0.07645427,False,False
Brazil,Bruno Guimarães Rodriguez Moura,112.9,39.8,0.17098139,False,True
Brazil,Gabriel Teodoro Martinelli Silva,115.1,36.0,0.1945778,False,False
Brazil,Bruno Guimarães Rodriguez Moura,114.1,35.3,0.22043578,False,False
France,Ousmane Dembélé,95.0,47.8,0.018982504,False,False
Australia,Riley McGree,89.5,39.1,0.030384658,False,False
Australia,Craig Goodwin,114.2,31.3,0.19147108,True,True
France,Theo Bernard François Hernández,92.7,34.0,0.017692888,False,False
Australia,Mitchell Thomas Duke,91.1,46.9,0.017896876,False,False
France,Antoine Griezmann,112.1,52.7,0.034694295,False,False
France,Adrien Rabiot,111.6,42.0,0.16905431,True,True
France,Olivier Giroud,112.3,39.8,0.17925091,False,False
France,Olivier Giroud,110.5,39.2,0.77927965,True,True
France,Kylian Mbappé Lottin,105.0,47.2,0.08709453,False,False
France,Olivier Giroud,104.5,38.9,0.14067347,False,False
France,Ousmane Dembélé,106.5,38.2,0.08098688,False,False
France,Antoine Griezmann,99.5,47.5,0.04884043,False,False
France,Kylian Mbappé Lottin,112.9,40.2,0.5517509,False,False
Australia,Jackson Irvine,110.1,43.4,0.083539926,False,False
France,Aurélien Djani Tchouaméni,96.3,40.8,0.035826564,False,False
France,Olivier Giroud,111.6,44.2,0.07860331,False,False
France,Kylian Mbappé Lottin,107.5,31.1,0.12751806,False,False
France,Kylian Mbappé Lottin,109.2,30.1,0.07606661,False,False
France,Ibrahima Konaté,113.0,40.0,0.096129,False,False
France,Kylian Mbappé Lottin,108.0,25.2,0.027555656,False,False
France,Antoine Griezmann,105.3,36.2,0.17584424,False,False
France,Kylian Mbappé Lottin,115.7,24.7,0.013371275,False,False
France,Kylian Mbappé Lottin,113.5,42.2,0.14142905,True,True
France,Olivier Giroud,113.5,42.6,0.16888039,True,True
France,Ibrahima Konaté,112.1,41.4,0.07988335,False,True
France,Theo Bernard François Hernández,112.8,32.1,0.041087516,False,True
Portugal,Ricardo Jorge Luz Horta,113.6,47.0,0.29158956,True,True
Portugal,João Pedro Cavaco Cancelo,117.5,20.6,0.010523141,False,True
South Korea,Heung-Min Son,108.5,21.6,0.011031977,False,False
South Korea,Gue-Sung Cho,111.1,32.0,0.040536147,False,True
South Korea,Young-Gwon Kim,116.7,38.0,0.6242964,True,True
South Korea,In-Beom Hwang,98.2,31.4,0.020656463,False,False
Portugal,José Diogo Dalot Teixeira,92.8,40.0,0.036435805,False,True
Portugal,Vitor Machado Ferreira,91.6,45.7,0.017112639,False,True
Portugal,Cristiano Ronaldo dos Santos Aveiro,110.6,56.3,0.022429451,False,False
South Korea,Heung-Min Son,94.6,44.2,0.024709688,False,True
Portugal,Matheus Luiz Nunes,92.6,58.9,0.007849269,False,False
Portugal,Vitor Machado Ferreira,97.8,46.9,0.03675865,False,True
Portugal,Cristiano Ronaldo dos Santos Aveiro,112.7,35.0,0.28873095,False,False
Portugal,Ricardo Jorge Luz Horta,104.3,43.4,0.11468789,False,True
Portugal,Ricardo Jorge Luz Horta,101.8,45.2,0.052517958,False,False
South Korea,Heung-Min Son,104.5,54.7,0.023785131,False,False
South Korea,Jae-Sung Lee,97.9,50.9,0.021393217,False,False
South Korea,Heung-Min Son,98.1,47.1,0.039930075,False,True
South Korea,In-Beom Hwang,98.4,35.1,0.100738145,False,True
South Korea,Heung-Min Son,111.1,52.8,0.04621987,False,False
Portugal,Rafael Alexandre Conceição Leão,94.1,55.0,0.029762346,False,False
South Korea,Kang-In Lee,88.0,49.4,0.023724081,False,False
Portugal,João Maria Lobo Alves Palhinha Gonçalves,88.8,40.2,0.021024177,False,False
Portugal,João Pedro Cavaco Cancelo,112.1,25.0,0.04430043,False,False
South Korea,Hee-Chan Hwang,108.3,44.6,0.42196128,True,True
